Дата;Золото;Серебро;Платина;Палладий
31.08.19;3263,29;39,3;1998,74;3206,54
30.08.19;3297,6;39,66;1965,71;3186,76
29.08.19;3291,97;39,21;1853,37;3155,85
28.08.19;3263,35;37,76;1823,56;3148,63
27.08.19;3189,7;36,16;1805,05;3096,8
24.08.19;3154,36;35,96;1813,94;3125,89
23.08.19;3161,83;35,78;1793,26;3094,96
22.08.19;3194,86;36,45;1798,06;3178,56
21.08.19;3226,42;36,54;1833,67;3186,38
20.08.19;3210,86;36,24;1807,43;3115,89
17.08.19;3201,94;36,41;1769,6;3070,28
16.08.19;3215,04;36,63;1779,48;3031,48
15.08.19;3145,23;35,88;1779,78;3025
14.08.19;3221,08;36,79;1824,41;3037,16
13.08.19;3159,47;35,67;1798,56;2995,5
10.08.19;3154,3;35,67;1810,55;2998
09.08.19;3135,52;35,64;1794,54;2965,07
08.08.19;3113,34;35,2;1787,25;2990,6
07.08.19;3064,51;34,35;1792,36;3004,03
06.08.19;3048,33;34,48;1782;2953,27
03.08.19;2984,54;33,66;1756,16;2953,26
02.08.19;2886,37;32,85;1748,57;3107,2
01.08.19;2916,76;33,59;1782,01;3117,49
31.07.19;2910,73;33,53;1795,2;3152,3
30.07.19;2897,85;33,47;1770,63;3128,72
27.07.19;2878,45;33,37;1751,53;3109,32
26.07.19;2896,27;33,58;1788,91;3125,02
25.07.19;2892,77;33,55;1749,2;3104,72
24.07.19;2877,12;33,35;1713,02;3070,85
23.07.19;2884,19;33,18;1719,03;3037,16
20.07.19;2904,57;32,98;1732,17;3076,28
19.07.19;2870,2;32,38;1714,97;3096,64
18.07.19;2834,84;31,59;1689,81;3076,07
17.07.19;2859,79;31,09;1702,42;3134,23
16.07.19;2860,78;30,95;1694,75;3151,15
13.07.19;2847,96;30,68;1669,55;3154,72
12.07.19;2882,23;30,92;1681,01;3242,53
11.07.19;2862,32;30,96;1667,61;3179,33
10.07.19;2845,37;30,8;1656,5;3185,89
09.07.19;2884,91;30,95;1669,47;3225,99
06.07.19;2891,42;31,09;1700,84;3203,38
05.07.19;2884,84;31,15;1704,1;3186,02
04.07.19;2909,22;31,25;1696,41;3182,56
03.07.19;2831,86;30,84;1697,37;3152,84
02.07.19;2817,96;30,94;1688,69;3144,24
29.06.19;2865,87;30,87;1654,79;3112,87
28.06.19;2842,29;30,91;1645,88;3082,99
27.06.19;2840,7;30,8;1625,56;3085,54
26.06.19;2873,62;30,96;1632,25;3069,51
25.06.19;2842,64;31,09;1638,29;3066,24
22.06.19;2817,88;31,03;1633,88;3028,25
21.06.19;2815,75;31,24;1660,94;3105,85
20.06.19;2761,3;30,74;1645,59;3075,19
19.06.19;2781,1;30,81;1650,6;3067,47
18.06.19;2756,91;30,56;1652,25;3033,6
15.06.19;2801,67;31,13;1694,53;3038,97
14.06.19;2775,72;30,74;1687,29;2954,84
12.06.19;2743,48;30,48;1665,61;2874,88
11.06.19;2767,62;30,72;1664,4;2816,36
08.06.19;2790,11;31,18;1679,13;2816,67
07.06.19;2803,38;31,37;1692,54;2799,92
06.06.19;2800,97;31,07;1723,19;2793,12
05.06.19;2772,92;30,84;1719,98;2780,05
04.06.19;2769,32;30,99;1679,78;2815,79
01.06.19;2724,35;30,44;1666,98;2873,6
31.05.19;2669,91;30,12;1656,6;2800,75
30.05.19;2678,47;30;1661,13;2783,86
29.05.19;2664,08;30,05;1678,67;2763,88
28.05.19;2658,05;30,16;1658,04;2754,42
25.05.19;2662,03;30,22;1674,29;2771,09
24.05.19;2645,61;30,02;1658,75;2718,28
23.05.19;2638,46;29,9;1677,52;2723,38
22.05.19;2647,59;29,94;1684,83;2761,72
21.05.19;2644,05;29,89;1698,08;2730,62
18.05.19;2671,88;30,09;1716,42;2749,18
17.05.19;2689,1;30,71;1760,15;2775,14
16.05.19;2708,13;30,89;1772,2;2764,63
15.05.19;2724,24;30,98;1795,03;2792,26
14.05.19;2700,5;30,86;1795,49;2807,96
09.05.19;2700,6;31,31;1826,62;2785,01
08.05.19;2686,58;31,09;1838,86;2809,66
07.05.19;2685,68;30,78;1795,99;2854,67
01.05.19;2670,47;31,14;1866;2842,63
30.04.19;2666,72;31,14;1861,5;3032,47
27.04.19;2665,93;31,2;1849,41;2937,41
26.04.19;2657,28;30,91;1834,11;2946,64
25.04.19;2620,2;30,45;1834,84;2873,62
24.04.19;2611,74;30,71;1833,52;2820,01
23.04.19;2616,16;30,67;1825,18;2860,82
20.04.19;2623,31;30,75;1830,17;2868,63
19.04.19;2629,41;30,81;1820,91;2852,9
18.04.19;2623,51;30,84;1817,4;2800,11
17.04.19;2651,5;30,87;1834,1;2829,64
16.04.19;2657,89;30,85;1836,3;2831,92
13.04.19;2688,57;31,25;1864,77;2839,68
12.04.19;2701,25;31,39;1871,71;2836,55
11.04.19;2715,75;31,73;1854,48;2884,75
10.04.19;2711,25;31,77;1882,68;2901,08
09.04.19;2725,26;31,81;1914,05;2907,84
06.04.19;2710,41;31,95;1909,42;2815,77
05.04.19;2712,81;31,68;1852,5;2953,09
04.04.19;2706,51;31,77;1801,76;2998,04
03.04.19;2709,54;31,63;1780,82;2951,2
02.04.19;2717,15;31,7;1783,53;2900,34
30.03.19;2687,23;31,62;1762,83;2886,72
29.03.19;2722,8;32,08;1787,56;2979,27
28.03.19;2737,6;32,06;1790,11;3142,04
27.03.19;2713,44;32,03;1757,72;3224,56
26.03.19;2735,93;32,06;1762,64;3185,2
23.03.19;2688,11;31,86;1759,13;3247,62
22.03.19;2699,61;31,4;1780,89;3287,16
21.03.19;2692,86;31,85;1775,26;3304,59
20.03.19;2705,44;31,8;1736,98;3300,25
19.03.19;2714,04;31,93;1729,87;3241,42
16.03.19;2739,87;32,04;1752,05;3276,95
15.03.19;2731,86;32,63;1751,57;3265,53
14.03.19;2759,07;32,57;1767,12;3251,67
13.03.19;2742,36;32,34;1761,35;3275,31
12.03.19;2753,97;32,11;1727,14;3214,22
08.03.19;2728,21;32,01;1751,79;3272,41
07.03.19;2721,38;31,99;1759,14;3196,52
06.03.19;2718,46;32,07;1770,7;3219,84
05.03.19;2723,44;32,92;1787,49;3259,79
02.03.19;2771,83;33,46;1823,98;3243,8
01.03.19;2807,83;33,6;1851,48;3272,92
28.02.19;2804,29;33,47;1826,61;3287,48
27.02.19;2800,7;33,66;1789;3251,01
26.02.19;2788,69;33,3;1783,38;3197,5
23.02.19;2785,12;33,51;1748,27;3123,72
22.02.19;2813,17;33,79;1727,87;3082,78
21.02.19;2849,42;33,41;1744,69;3171,78
20.02.19;2829,88;33,55;1730,43;3154,36
19.02.19;2819,87;33,39;1716,69;3105,38
16.02.19;2826,58;33,41;1689,94;3036,75
15.02.19;2793,31;33,58;1677,29;3014,42
14.02.19;2768,63;33,38;1670,28;2975,25
13.02.19;2771,12;33,18;1666,98;2943,1
12.02.19;2758,22;33,31;1669,6;2929,72
09.02.19;2784,73;33,37;1688,55;2967,18
08.02.19;2773,37;33,39;1708,68;2916,44
07.02.19;2772,87;33,5;1720,7;2905,14
06.02.19;2770,04;33,19;1728,64;2890,2
05.02.19;2764,42;33,76;1726,97;2857,2
02.02.19;2788,13;33,93;1735,26;2866,76
01.02.19;2778,97;33,44;1718,86;2874,57
31.01.19;2790,18;33,69;1734,1;2856,16
30.01.19;2790,6;33,45;1744,73;2855,98
29.01.19;2757,73;32,59;1719,07;2859,47
26.01.19;2718,93;32,42;1701,78;2784,73
25.01.19;2715,63;32,65;1680,62;2858,33
24.01.19;2740,2;32,54;1686,9;2872,63
23.01.19;2748,89;32,65;1696,72;2849,98
22.01.19;2728,27;33,01;1702,64;2955,08
19.01.19;2740,48;33,22;1727,39;3021,87
18.01.19;2764,26;33,2;1719,65;2967,2
17.01.19;2769,98;33,48;1717,15;2859,05
16.01.19;2780,79;33,68;1727,54;2855,52
15.01.19;2794,74;33,87;1730,38;2836,44
12.01.19;2781,36;33,79;1770,62;2852,78
11.01.19;2778,16;33,58;1771,28;2835,34
10.01.19;2763,32;33,73;1774,93;2887,76
30.12.18;2856,68;34,16;1760,02;2836,58
29.12.18;2854,88;33,65;1776,97;2834,2
28.12.18;2814,75;32,5;1762,68;2790,17
27.12.18;2793,35;32,5;1754,08;2746,29
26.12.18;2787,61;32,43;1750,47;2740,64
25.12.18;2773,92;32,31;1741,88;2727,19
22.12.18;2749,77;32,29;1733,91;2752,83
21.12.18;2718,36;31,72;1713,33;2759,52
20.12.18;2694,11;31,62;1706,74;2725,18
19.12.18;2679,82;31,33;1699,56;2708,14
18.12.18;2654,04;31,23;1679,25;2675,24
15.12.18;2646,69;31,35;1691,63;2663,46
14.12.18;2650,86;31,22;1704,12;2692,5
13.12.18;2658,2;31,26;1680,66;2680,09
12.12.18;2668,88;31,07;1667,71;2651,24
11.12.18;2655,33;30,85;1676,09;2598,25
08.12.18;2670,58;30,94;1697,62;2605,6
07.12.18;2653,01;31,07;1697,22;2619,86
06.12.18;2655,8;31,25;1712,31;2683,41
05.12.18;2647,42;30,73;1721,87;2638,34
04.12.18;2623,78;30,34;1728,52;2544,82
01.12.18;2610,66;30,51;1732,67;2549,81
30.11.18;2627,47;30,31;1763,14;2534,39
29.11.18;2611,15;30,72;1788,55;2500,96
28.11.18;2630,21;30,87;1805,65;2451,9
27.11.18;2622,89;30,48;1808,96;2433,33
24.11.18;2580,23;30,65;1777,65;2419,46
23.11.18;2590,75;30,42;1784,47;2423,59
22.11.18;2595,24;30,62;1791,65;2446,82
21.11.18;2579,12;30,28;1790,26;2429,19
20.11.18;2596,63;30,32;1791,14;2508,45
17.11.18;2579,59;29,98;1784,37;2467,57
16.11.18;2592,8;29,92;1784,08;2422,32
15.11.18;2626,57;30,65;1821,08;2415,72
14.11.18;2605,87;30,81;1836,54;2404,48
13.11.18;2620,43;31,13;1847,47;2409,74
10.11.18;2620,06;31,14;1850,52;2407,18
09.11.18;2604,57;31,23;1854,25;2390,73
08.11.18;2624,36;31,24;1861,41;2384,14
07.11.18;2619,94;31,26;1843,73;2405,97
03.11.18;2604,98;30,47;1823,8;2327,72
02.11.18;2581,97;30,27;1789,92;2288,05
01.11.18;2568,09;30,42;1752,55;2260,81
31.10.18;2579,92;30,98;1761,54;2296,55
30.10.18;2604,18;31,08;1760,46;2333,87
27.10.18;2608,31;31;1743,02;2287,45
26.10.18;2604,56;31,16;1750,25;2352,7
25.10.18;2598,84;31,11;1745,01;2407,57
24.10.18;2594,47;30,9;1738,61;2385,34
23.10.18;2567,66;30,72;1749,01;2288,62
20.10.18;2598,94;30,91;1753,08;2289,48
19.10.18;2587,66;30,67;1758,07;2273,66
18.10.18;2579,54;30,81;1766,3;2277,27
17.10.18;2589,01;31,09;1776,08;2285,94
16.10.18;2606,48;31,16;1784,16;2283,05
13.10.18;2585,15;30,97;1779,64;2305,69
12.10.18;2578,51;30,91;1766,81;2305,65
11.10.18;2524,47;30,59;1744,83;2283,17
10.10.18;2534,99;30,58;1750,63;2312,11
09.10.18;2572,51;31,14;1754,76;2284,42
06.10.18;2572,88;31,35;1758,67;2259,92
05.10.18;2553,33;31,14;1747,7;2243,7
04.10.18;2531,49;30,99;1743,75;2208,61
03.10.18;2500,91;30,42;1727,88;2210,17
02.10.18;2498,93;30,68;1714,02;2245,3
29.09.18;2495,75;30,17;1710,22;2290,14
28.09.18;2531,52;30,52;1754,71;2275,41
27.09.18;2534,48;30,6;1746,32;2238,92
26.09.18;2538,4;30,24;1756,53;2236,93
25.09.18;2549,83;30,45;1756,96;2239,81
22.09.18;2572,16;30,52;1784,92;2249,25
21.09.18;2570,98;30,41;1756,73;2220,49
20.09.18;2591,76;30,56;1766,62;2184,58
19.09.18;2612,62;30,95;1744,8;2158,67
18.09.18;2624,04;31,07;1743,07;2148,69
15.09.18;2648,01;31,21;1771,64;2149,23
14.09.18;2662,75;31,39;1774,21;2155,97
13.09.18;2679,26;31,66;1764,85;2176,42
12.09.18;2686,17;31,78;1775,04;2179,99
11.09.18;2686,15;31,93;1756,62;2199,15
08.09.18;2664,85;31,48;1759,92;2172,71
07.09.18;2642,6;31,3;1733,5;2157
06.09.18;2629,69;31,19;1703,67;2161,51
05.09.18;2624,73;31,28;1707,75;2120,42
04.09.18;2617,34;31,64;1714,11;2145,36
01.09.18;2640,21;32,06;1745,77;2137,37
31.08.18;2631,81;32,1;1731,41;2145,11
30.08.18;2638,52;32,18;1735,2;2061,65
29.08.18;2627,63;32,28;1748,5;2058,34
28.08.18;2595,22;31,68;1703,14;2019,49
25.08.18;2593,54;31,86;1708,75;2011,71
24.08.18;2615,81;32,22;1718,46;2018,09
23.08.18;2601,85;32,2;1717,39;1986,96
22.08.18;2579,05;31,93;1727,86;1980,56
21.08.18;2567,59;31,87;1717,13;1982,8
18.08.18;2530,03;31,52;1681,38;1939,39
17.08.18;2537,03;31,41;1679,67;1858,17
16.08.18;2532,51;31,64;1681,65;1899,33
15.08.18;2565,32;32,27;1725,52;1916,53
14.08.18;2641,77;33,31;1794,23;1978,48
11.08.18;2606,41;33,07;1785,43;1933,86
10.08.18;2590,39;32,99;1764,58;1911,62
09.08.18;2478,8;31,37;1690,91;1850,39
08.08.18;2482,99;31,59;1703,81;1859,07
07.08.18;2474,29;31,33;1698,52;1865,92
04.08.18;2463,85;31,34;1681,06;1868,75
03.08.18;2471,56;31,36;1658,4;1869,5
02.08.18;2459,34;31,13;1669,39;1868,51
01.08.18;2443,99;30,93;1655,79;1856,25
31.07.18;2466,63;31,27;1663,19;1869,07
28.07.18;2468,31;31,09;1660,18;1876,82
27.07.18;2485,93;31,44;1695,94;1898,32
26.07.18;2495,78;31,57;1699,62;1880,13
25.07.18;2476,8;31,38;1687,21;1857,15
24.07.18;2497,98;31,46;1680,29;1808,29
21.07.18;2500,18;31,37;1663,59;1820,76
20.07.18;2476,59;31,04;1635,6;1839,03
19.07.18;2474,18;31,22;1629,97;1838,27
18.07.18;2496,42;31,66;1660,07;1846,75
17.07.18;2491,75;31,64;1663,3;1883,47
14.07.18;2484,45;31,66;1666,31;1886,62
13.07.18;2489,67;31,68;1663,98;1883,98
12.07.18;2495,62;31,77;1679,05;1874,71
11.07.18;2516,96;31,98;1690,42;1903,23
10.07.18;2550,64;32,74;1731,27;1943,39
07.07.18;2545,28;32,46;1702,67;1917,79
06.07.18;2547,42;32,44;1710,48;1928,11
05.07.18;2555,01;32,62;1703,47;1923,01
04.07.18;2532,25;32,38;1670,76;1914,66
03.07.18;2535,44;32,44;1709,24;1928,48
30.06.18;2523,19;32,34;1706,95;1912,75
29.06.18;2544,58;32,78;1733,69;1935,14
28.06.18;2551,13;32,9;1747,71;1926,34
27.06.18;2537,9;32,75;1740,18;1895,62
26.06.18;2569,92;33,14;1774,94;1936,85
23.06.18;2581,55;33,4;1758,72;1947,8
22.06.18;2591,61;33,32;1771,9;1972,88
21.06.18;2604,24;33,31;1763,09;1990,12
20.06.18;2634,54;33,69;1812,66;2024,82
19.06.18;2615,1;33,89;1808,37;2022,68
16.06.18;2620,18;34,71;1819,88;2029,48
15.06.18;2612,45;34,27;1811,28;2033,44
14.06.18;2626,65;34,3;1812,11;2043,44
10.06.18;2602,18;33,51;1805,94;2034,44
09.06.18;2617,66;33,69;1809,31;2041,01
08.06.18;2580,13;33,28;1802,5;2021,1
07.06.18;2582,15;32,98;1798,18;1989,56
06.06.18;2575,16;32,65;1787,52;1978,82
05.06.18;2577,73;32,73;1793,95;2008,98
02.06.18;2598,24;32,84;1819,96;1977,96
01.06.18;2599,11;33;1818,48;1972,02
31.05.18;2613,35;32,94;1823,26;1970,17
30.05.18;2622,31;33,18;1824,67;1973,71
29.05.18;2609,68;33,37;1817,87;1958,01
26.05.18;2585,22;33,05;1808,13;1942,95
25.05.18;2559,44;32,6;1792,7;1911,16
24.05.18;2562,52;32,73;1790,2;1936,74
23.05.18;2548,45;32,66;1778,54;1965,65
22.05.18;2585,16;32,85;1769,21;1954,18
19.05.18;2563,38;32,64;1764,42;1953,6
18.05.18;2561,73;32,57;1764,99;1951,83
17.05.18;2587,5;32,56;1796,78;1969,04
16.05.18;2607,86;32,67;1801,54;1944,87
15.05.18;2622,78;33,06;1838,94;1975,97
12.05.18;2629,51;33,27;1839,94;1992,78
11.05.18;2642,95;33,37;1841,3;1965,93
09.05.18;2653,78;33,31;1841,37;1968,99
08.05.18;2640,18;33,1;1816,71;1941,72
05.05.18;2660,55;33,35;1826,74;1960,85
04.05.18;2680,6;33,61;1839,05;1988,05
29.04.18;2634,19;32,95;1815,93;1959,45
28.04.18;2657,39;33,34;1831,15;1980,39
27.04.18;2660,62;33,36;1829,56;1950,33
26.04.18;2631,9;32,89;1832,42;1929,7
25.04.18;2631,54;32,9;1821,97;1913,17
24.04.18;2637,15;33,63;1830,91;2039,42
21.04.18;2642,18;33,73;1835,52;2005,07
20.04.18;2637,35;33,64;1858,81;2064,25
19.04.18;2664,83;33,53;1868,18;2010,67
18.04.18;2640,06;32,68;1824,33;1948,18
17.04.18;2691,93;33,24;1862,16;1978,3
14.04.18;2648,05;32,6;1842,73;1931,6
13.04.18;2685,69;33,23;1847,8;1905,67
12.04.18;2770,65;34,12;1917,54;1966,97
11.04.18;2678,9;33,07;1870,89;1874,9
10.04.18;2501,72;30,77;1728,7;1724,93
07.04.18;2464,79;30,26;1693,89;1684,6
06.04.18;2456,67;30,18;1684,62;1719,79
05.04.18;2494,46;30,57;1716,03;1725,31
04.04.18;2472,54;30,56;1727,78;1740,73
03.04.18;2438,21;29,98;1723,88;1786,5
31.03.18;2437,35;29,97;1723,28;1785,87
30.03.18;2458,63;30,23;1738,25;1803,25
29.03.18;2481,73;30,45;1743,25;1808,03
28.03.18;2482,78;30,59;1759,16;1797,77
27.03.18;2471,24;30,44;1741,08;1797,89
24.03.18;2464,61;30,33;1751,58;1802,99
23.03.18;2428,36;29,69;1747,01;1805,49
22.03.18;2433,3;30,04;1748,7;1822,64
21.03.18;2435,42;30,21;1762,44;1845,93
20.03.18;2427,09;30,48;1743,02;1844,79
17.03.18;2440,09;30,54;1769;1830
16.03.18;2425,96;30,44;1754,37;1822,2
15.03.18;2425,42;30,22;1773,82;1837,89
14.03.18;2413,92;30,12;1759,14;1795,75
13.03.18;2397,56;30;1743,68;1803,74
08.03.18;2433,41;30,35;1753,15;1787,85
07.03.18;2406,97;29,99;1743,98;1782,13
06.03.18;2434,83;30,19;1775,22;1821,12
03.03.18;2398,74;29,72;1748,84;1805,32
02.03.18;2379,1;29,83;1763,57;1850,66
01.03.18;2393,01;30,11;1778,03;1901,28
28.02.18;2385,47;29,84;1782,73;1899,07
27.02.18;2407,47;29,86;1806,88;1907,57
23.02.18;2415,26;29,99;1801,18;1868,7
22.02.18;2419,99;30,18;1810,53;1870,64
21.02.18;2430,27;30,38;1820,8;1871,68
20.02.18;2440,81;30,5;1829,61;1902,07
17.02.18;2461,6;30,48;1831,8;1862,6
16.02.18;2463,01;30,17;1828,56;1855,86
15.02.18;2463,96;30,75;1801,56;1831,19
14.02.18;2469,16;30,51;1803,49;1835,06
13.02.18;2465,36;30,51;1801,87;1841,04
10.02.18;2461,36;30,57;1817,9;1814,16
09.02.18;2431,01;30,95;1806,04;1835,71
08.02.18;2432,6;30,77;1805,45;1843,91
07.02.18;2473,69;31,04;1832,29;1893
06.02.18;2434,36;31,2;1809,7;1889,81
03.02.18;2423,36;30,97;1807,16;1886,43
02.02.18;2425,84;31,17;1803,41;1864,92
01.02.18;2426,57;31,24;1813,58;1920,16
31.01.18;2435,46;31,37;1806,19;1956,4
30.01.18;2440,32;31,49;1826,08;1972,67
27.01.18;2430,97;31,45;1830,83;1969,05
26.01.18;2445,94;30,91;1834,11;1988,76
25.01.18;2448,38;30,78;1838,32;1992,42
24.01.18;2425,06;30,9;1795,53;1973,27
23.01.18;2428,91;31,02;1853,34;1998,99
20.01.18;2430,33;31,09;1841,22;2021,34
19.01.18;2426,61;31,41;1823,04;2018,3
18.01.18;2433,29;31,1;1821,31;2008,72
17.01.18;2420,14;31,41;1796,59;2014,14
16.01.18;2433,4;31,02;1802,86;2043,84
13.01.18;2425,6;30,95;1810,69;1976,29
12.01.18;2418,56;31,4;1788,47;1982,71
11.01.18;2416,66;31,19;1760,87;2009,54
10.01.18;2411,72;31,49;1764,38;2022,99
30.12.17;2400,97;31;1716,7;1955,59
29.12.17;2393,1;30,57;1710,15;1960,28
28.12.17;2374,39;29,88;1703,12;1958,03
27.12.17;2353,75;30,02;1692,85;1908,17
26.12.17;2372,69;30,27;1706,48;1923,53
23.12.17;2377,44;30,27;1709,89;1927,37
22.12.17;2383,26;30,47;1720,82;1937,33
21.12.17;2389,85;30,5;1732,99;1938,76
20.12.17;2380,2;30,32;1711,04;1920,21
19.12.17;2375,14;30,16;1690,8;1926,68
16.12.17;2380,77;30,32;1668,29;1956,13
15.12.17;2369,96;29,64;1659,12;1902,61
14.12.17;2360,95;30,01;1667,65;1911,05
13.12.17;2352,08;29,95;1687,35;1903
12.12.17;2383,22;30,14;1694,95;1925,39
09.12.17;2374,5;30,32;1705,81;1934,52
08.12.17;2395,93;30,72;1715,73;1904,46
07.12.17;2403,37;30,85;1727,86;1875,64
06.12.17;2407,63;30,81;1739,82;1879,46
05.12.17;2425,95;31,14;1767,64;1926,95
02.12.17;2403,02;31,17;1770,4;1907,74
01.12.17;2414,85;31,82;1772,31;1917,34
30.11.17;2428,34;32,01;1779,74;1920,4
29.11.17;2429,95;32,11;1776,59;1881,76
28.11.17;2425,82;31,95;1761,24;1866,16
25.11.17;2425,97;32,17;1761,4;1898,78
24.11.17;2424,97;31,89;1753,67;1883,36
23.11.17;2435,77;32,25;1771,88;1908,47
22.11.17;2446,97;32,78;1772,14;1900,22
21.11.17;2462,86;32,56;1799;1898,1
18.11.17;2461,43;32,67;1788,77;1905,72
17.11.17;2464,32;33,01;1795,63;1901,71
16.11.17;2490,46;32,8;1801,46;1894,43
15.11.17;2441,49;32,44;1778,84;1905,35
14.11.17;2432,48;32,35;1769,56;1879,92
11.11.17;2448,06;32,59;1785,85;1921,17
10.11.17;2446,04;32,38;1777,38;1941,21
09.11.17;2442,51;32,39;1765,81;1906,77
08.11.17;2398,76;31,79;1740,32;1866,24
04.11.17;2395,72;32,09;1732,03;1867,28
03.11.17;2383,72;31,64;1734,94;1854,46
02.11.17;2391,87;31,45;1733,26;1856,66
01.11.17;2381,26;31,27;1715,31;1816,21
31.10.17;2368,1;31,11;1709,9;1795,49
28.10.17;2367,52;31,22;1710,56;1807,66
27.10.17;2373,46;31,52;1710,45;1797,73
26.10.17;2358,02;31,29;1693,03;1785,65
25.10.17;2366,65;31,54;1708,85;1777,35
24.10.17;2356,31;31,4;1692,51;1783,05
21.10.17;2367,24;31,57;1699,27;1789,88
20.10.17;2375,49;31,51;1706,56;1771,35
19.10.17;2358,11;31,21;1703,24;1800,83
18.10.17;2377,56;31,54;1710,76;1817,69
17.10.17;2395,42;31,95;1730,74;1844,54
14.10.17;2396,96;31,86;1733,95;1821,02
13.10.17;2400,78;31,89;1735,98;1787,91
12.10.17;2402,61;31,94;1731,85;1743,02
11.10.17;2407,73;31,96;1723,27;1740,08
10.10.17;2403,87;31,72;1719,26;1743,63
07.10.17;2355,13;30,87;1699,21;1749,35
06.10.17;2366,67;30,84;1693,92;1717,98
05.10.17;2369,68;31,26;1698;1707,29
04.10.17;2366,97;30,94;1698,81;1702,54
03.10.17;2366,37;30,82;1697,03;1745,36
30.09.17;2400,53;31,45;1721,66;1744,04
29.09.17;2412,46;31,6;1726,27;1750,69
28.09.17;2408,36;31,5;1715,86;1708,4
27.09.17;2416,8;31,46;1729,06;1693,93
26.09.17;2397,7;31,37;1723,08;1702,73
23.09.17;2404,09;31,46;1746,07;1696,02
22.09.17;2428,57;31,73;1759,63;1710,96
21.09.17;2457,4;32,48;1781,05;1696,95
20.09.17;2444,1;32,04;1785,75;1737,18
19.09.17;2435,14;32,48;1793,37;1734,09
16.09.17;2450,91;32,74;1809,05;1718,41
15.09.17;2457,3;32,97;1816,5;1747,78
14.09.17;2470,08;33,21;1828,11;1753,95
13.09.17;2441,8;32,68;1815,35;1728,82
12.09.17;2460,67;32,81;1843,55;1744,3
09.09.17;2475,5;33,37;1858,14;1739,03
08.09.17;2462,58;32,68;1846,31;1730,57
07.09.17;2470,54;32,76;1858,23;1780,8
06.09.17;2475,84;33,26;1859,93;1811,57
05.09.17;2479,32;33,07;1878,16;1835,43
02.09.17;2460,84;32,66;1860,93;1743,34
01.09.17;2457,88;32,64;1863,45;1759,93
31.08.17;2474,72;32,93;1871,24;1774,94
30.08.17;2490,44;33,12;1879,96;1772,7
29.08.17;2419,35;32,04;1835,27;1750,56
26.08.17;2447,5;32,37;1861,7;1785,64
25.08.17;2444,99;32,19;1848,15;1773,99
24.08.17;2445,68;32,43;1861,19;1777,54
23.08.17;2439,33;32,31;1850,71;1778,58
22.08.17;2448,27;32,36;1863,39;1770,22
19.08.17;2471,99;32,73;1876,06;1771,09
18.08.17;2449,51;32,42;1855,37;1748,7
17.08.17;2435,97;31,99;1848,82;1712,65
16.08.17;2455,75;32,54;1851,54;1728,24
15.08.17;2463,02;32,63;1864,9;1720,71
12.08.17;2492,94;33,07;1900,23;1741,56
11.08.17;2464,17;32,91;1876,69;1722,55
10.08.17;2444,34;31,98;1877,67;1725,37
09.08.17;2432,93;31,61;1868,89;1706,88
08.08.17;2428,31;31,15;1857,61;1679,96
05.08.17;2461,92;32,39;1875,59;1714,6
04.08.17;2464,5;32,17;1853,55;1736,36
03.08.17;2467,12;32,47;1840,63;1751,03
02.08.17;2437,9;32,21;1814,4;1710,5
01.08.17;2445,42;32,36;1805,56;1714,8
29.07.17;2411,34;31,7;1772,71;1678,9
28.07.17;2410,62;32,07;1774,47;1677,05
27.07.17;2398,83;31,53;1777,84;1648,79
26.07.17;2407,86;31,37;1782,81;1650,11
25.07.17;2408,75;31,65;1793,35;1613,06
22.07.17;2363,19;31,13;1758,3;1606,72
21.07.17;2348,87;30,73;1736,18;1620,31
20.07.17;2361,5;30,91;1754,2;1641,82
19.07.17;2361,38;30,87;1763,74;1645,39
18.07.17;2335,49;30,52;1754,68;1631,25
15.07.17;2346,73;30,24;1742,31;1653,75
14.07.17;2363,34;30,86;1774,35;1679,53
13.07.17;2376,69;30,85;1763,9;1662,55
12.07.17;2366,63;30,29;1747,78;1638,42
11.07.17;2341,12;29,51;1746,8;1622,72
08.07.17;2369,08;30,75;1754,88;1624,81
07.07.17;2371,28;31,01;1760,59;1634,7
06.07.17;2340,55;30,55;1737,36;1637,75
05.07.17;2331,3;30,75;1730,98;1622,44
04.07.17;2341,83;31,24;1742,34;1598,25
01.07.17;2373,75;31,45;1758,47;1609,55
30.06.17;2368,09;31,97;1745,77;1637,49
29.06.17;2395,94;32,12;1759,24;1646,3
28.06.17;2367,22;31,54;1747,4;1631,91
27.06.17;2353,82;31,36;1747,08;1627,57
24.06.17;2409,58;32,05;1785,65;1701,26
23.06.17;2419,97;32,06;1796,51;1713,35
22.06.17;2405,61;31,85;1774,72;1685,98
21.06.17;2347,59;31,24;1745,86;1632,86
20.06.17;2331,31;31,06;1719,93;1626,75
17.06.17;2332,76;31,11;1711,61;1616,93
16.06.17;2327,5;31,14;1724,96;1575,37
15.06.17;2325,42;31,1;1701,55;1624,54
14.06.17;2307,78;30,78;1723,56;1646,72
10.06.17;2335,26;31,8;1717,2;1581,58
09.06.17;2353,92;32,25;1733,2;1548,15
08.06.17;2351,86;32,02;1746,57;1559,17
07.06.17;2346,63;32;1749,25;1541,52
06.06.17;2331,16;31,89;1734,67;1534,45
03.06.17;2298,14;31,33;1691,32;1518,18
02.06.17;2301,5;31,14;1714,11;1483,26
01.06.17;2303,34;31,55;1715,02;1467,15
31.05.17;2294,58;31,38;1718,93;1446,38
30.05.17;2306,55;31,52;1752,18;1422,16
27.05.17;2308,3;31,55;1738,98;1412,35
26.05.17;2266,17;30,92;1703,55;1379,06
25.05.17;2264,02;30,81;1704,32;1400,37
24.05.17;2290,86;31,17;1720,1;1401,9
23.05.17;2280,13;30,79;1703,86;1382,34
20.05.17;2300,58;30,82;1714,61;1411,39
19.05.17;2330,53;31,06;1729,4;1437,47
18.05.17;2270,37;30,83;1712,9;1437,45
17.05.17;2232,16;30,24;1689,43;1454,28
16.05.17;2238,06;30,15;1682,86;1468,42
13.05.17;2256,71;29,96;1696,35;1477,64
12.05.17;2242,15;30,06;1683,91;1472,73
11.05.17;2283,73;30,42;1689,99;1488,31
06.05.17;2332,61;30,62;1718,31;1515,05
05.05.17;2287,51;30,54;1673,27;1488,17
04.05.17;2301,71;30,93;1677,71;1479,47
03.05.17;2299,42;31,04;1712,02;1488,64
29.04.17;2318,58;31,9;1733,14;1494,97
28.04.17;2315,75;31,98;1734,57;1470,81
27.04.17;2290,2;31,85;1725,41;1452,03
26.04.17;2281,14;32,03;1718,26;1420,21
25.04.17;2293,05;32,11;1741,69;1442,39
22.04.17;2316,77;32,51;1766,28;1449,9
21.04.17;2321,52;32,99;1755,79;1427,49
20.04.17;2315,48;32,91;1760,92;1399,71
19.04.17;2312,71;33,15;1769,18;1421,82
18.04.17;2322,38;33,57;1763,28;1459,45
15.04.17;2324,19;33,59;1764,66;1460,6
14.04.17;2340,43;33,78;1770,66;1466,75
13.04.17;2321,61;33,41;1762,69;1463,44
12.04.17;2299,38;32,85;1728,61;1446,61
11.04.17;2313,04;33,1;1752,86;1474,25
08.04.17;2313,7;33,67;1760,48;1471,34
07.04.17;2274,91;33,06;1738,28;1462,48
06.04.17;2250,78;32,81;1737,73;1453,8
05.04.17;2288,6;33,35;1738,29;1463,73
04.04.17;2249,39;32,78;1720,1;1440,33
01.04.17;2234,03;32,49;1700,22;1433,94
31.03.17;2267,37;32,81;1732,84;1428,32
30.03.17;2297,02;33,24;1750,86;1453,86
29.03.17;2294,86;32,84;1762,82;1442,47
28.03.17;2304,33;32,89;1793,01;1477,67
25.03.17;2296,73;32,4;1770,55;1482,54
24.03.17;2307,87;32,51;1779,12;1466,57
23.03.17;2309,07;32,08;1791,89;1447,22
22.03.17;2267,05;31,7;1771,98;1442,61
21.03.17;2270,87;32,05;1775,44;1425,51
18.03.17;2288,71;32,52;1778,81;1436,09
17.03.17;2295,03;31,67;1801,42;1430,65
16.03.17;2284,9;32,31;1786,49;1421,59
15.03.17;2281,23;32,26;1776;1419,66
14.03.17;2296,22;32,11;1796,6;1429,67
11.03.17;2278,09;32,63;1789,65;1420,3
10.03.17;2278,48;32,91;1793,13;1435,64
08.03.17;2292,23;33,36;1817;1442,36
07.03.17;2309,12;33,12;1853,07;1447,95
04.03.17;2327,25;34,72;1871,27;1452,69
03.03.17;2334,69;34,42;1898,47;1457,19
02.03.17;2338,69;34,31;1927,56;1460,21
01.03.17;2332,97;34,18;1911,99;1459,15
28.02.17;2340,04;34,03;1911,15;1439,88
23.02.17;2286,78;33,06;1853,45;1446,91
22.02.17;2285,64;33,45;1847,19;1419,34
21.02.17;2307,45;33,63;1869,72;1447,58
18.02.17;2300,29;33,54;1878,92;1465,71
17.02.17;2272,45;32,85;1859,49;1451,57
16.02.17;2236,21;32,68;1821,61;1423,7
15.02.17;2282,65;33,36;1856,34;1444,24
14.02.17;2294,96;32,89;1879,8;1448,58
11.02.17;2319,04;33,52;1897,61;1464,36
10.02.17;2356,4;33,66;1935,6;1466,88
09.02.17;2364,18;33,68;1934,43;1473,3
08.02.17;2342,73;33,49;1912,62;1436,85
07.02.17;2306,41;32,62;1902,74;1442,15
04.02.17;2313,26;33,77;1891,72;1428,33
03.02.17;2360,69;33,94;1934,37;1463,8
02.02.17;2346,2;33,53;1931,25;1481,4
01.02.17;2315,82;33,03;1906,67;1448,83
31.01.17;2301,46;32,3;1891,69;1408,13
28.01.17;2296,54;32,7;1881,14;1382,73
27.01.17;2284,59;32,46;1880,9;1413,07
26.01.17;2288,67;32,53;1882,66;1489,02
25.01.17;2309,96;32,63;1863,88;1479,3
24.01.17;2322;32,31;1872,9;1503,68
21.01.17;2300,38;32,52;1832,09;1442,65
20.01.17;2296,25;32,67;1839,52;1429,25
19.01.17;2307,12;32,35;1853,3;1417,57
18.01.17;2325,18;32,12;1898,34;1434,26
17.01.17;2304,95;32,12;1883,82;1418,13
14.01.17;2283,58;32,28;1861,07;1439,23
13.01.17;2308,2;32,12;1893,77;1444,24
12.01.17;2297;32,23;1895,55;1471,95
11.01.17;2280,67;31,84;1871,64;1455,29
10.01.17;2264,82;31,68;1869,86;1455,83
31.12.16;2260,43;31,32;1768,8;1318,31
30.12.16;2222,29;30,71;1753,73;1298,34
29.12.16;2223,06;30,7;1761,29;1308,78
28.12.16;2212,97;30,8;1770,77;1279,65
27.12.16;2214,78;30,82;1772,22;1280,69
24.12.16;2212,76;30,85;1770,6;1279,53
23.12.16;2212,29;31,37;1780,71;1277,81
22.12.16;2228,76;31,04;1795,74;1302,6
21.12.16;2250,56;31,79;1815,94;1333,15
20.12.16;2260,06;31,89;1835,7;1360,88
17.12.16;2253,08;32,04;1794,76;1367,91
16.12.16;2244,14;33,91;1827,1;1434,73
15.12.16;2269,68;33,25;1831,85;1427,16
14.12.16;2272,36;33,1;1822,05;1427,4
13.12.16;2285,54;33,56;1811,57;1449,25
10.12.16;2378,98;34,86;1907,01;1512,18
09.12.16;2394,18;34,18;1930,02;1495,92
08.12.16;2406,68;34,5;1910,96;1493,84
07.12.16;2405,07;34,13;1928,33;1540,2
06.12.16;2394,11;33,6;1901,07;1498,25
03.12.16;2416,6;33,62;1889,3;1538,67
02.12.16;2392,88;34,13;1848,78;1584,67
01.12.16;2490,52;34,69;1925,46;1602,46
30.11.16;2479,11;34,83;1927,25;1572,28
29.11.16;2481,74;34,36;1911,76;1567,39
26.11.16;2467,03;33,88;1892,6;1504,11
25.11.16;2466,91;34,41;1905,37;1525,13
24.11.16;2496,78;34,49;1930,33;1526,98
23.11.16;2490,73;34,12;1935,23;1509,72
22.11.16;2513,92;34,16;1920,18;1502,21
19.11.16;2524,47;35,67;1936,1;1494,46
18.11.16;2571,28;35,38;1966,03;1496,43
17.11.16;2543,59;35,28;1936,17;1450,57
16.11.16;2590,07;36,24;1985,39;1487,99
15.11.16;2588,75;39,36;1990,37;1433,49
12.11.16;2632,8;39,31;2040,15;1434,19
11.11.16;2611,59;38,35;2026,64;1388,47
10.11.16;2679,81;37,51;2064,47;1366,04
09.11.16;2631,14;37,34;2065,56;1334,01
08.11.16;2643,95;37,6;2032,07;1284,17
04.11.16;2639,93;37,85;2011,08;1282,19
03.11.16;2642,09;37,19;2020,54;1284,5
02.11.16;2609,91;36,09;1997,46;1274,07
01.11.16;2589,79;35,79;1989,8;1249,98
29.10.16;2560,16;35,61;1951,62;1237,71
28.10.16;2572,59;35,79;1945,71;1256,6
27.10.16;2549,96;35,35;1933,64;1273,08
26.10.16;2532,11;35,37;1897,14;1276,73
25.10.16;2535,14;35,3;1872,84;1252,56
22.10.16;2537,77;35,16;1859,23;1248,86
21.10.16;2547,07;35,32;1886,42;1270,32
20.10.16;2554,89;35,59;1899,45;1285,75
19.10.16;2551;35,69;1914,8;1298,1
18.10.16;2543,42;35,33;1904,47;1313,64
15.10.16;2544,06;35,38;1899,72;1292,13
14.10.16;2562,09;35,82;1918,51;1307,52
13.10.16;2526,83;35,09;1907,65;1310
12.10.16;2512,3;34,95;1919,62;1327,74
11.10.16;2531,56;35,66;1943,65;1339,9
08.10.16;2513,88;34,71;1930,98;1340,07
07.10.16;2538,45;35,62;1957,74;1351,97
06.10.16;2558,29;35,74;1994,02;1389,59
05.10.16;2627,78;37,62;2021,29;1427,15
04.10.16;2651,74;38,57;2051,17;1445,88
01.10.16;2706,56;39,44;2101,41;1465,49
30.09.16;2682,09;38,6;2087,43;1439,68
29.09.16;2723,88;39,31;2107,47;1445,42
28.09.16;2735,48;39,77;2129,66;1421,14
27.09.16;2756,1;40,09;2140,86;1418,99
24.09.16;2742,98;40,7;2166,21;1416,76
23.09.16;2732,89;40,76;2145,38;1407,01
22.09.16;2734,04;40,26;2150,6;1421,3
21.09.16;2738,4;39,91;2135,93;1432,28
20.09.16;2744,69;39,91;2143,49;1415,08
17.09.16;2746,26;39,51;2146,02;1362,42
16.09.16;2767,95;39,75;2168,06;1371,29
15.09.16;2764,1;39,77;2174,6;1378,71
14.09.16;2768,19;39,92;2198,3;1381,49
13.09.16;2776,51;39,15;2194,01;1388,78
10.09.16;2755,24;40,04;2225,81;1400,67
09.09.16;2772,54;40,99;2248,06;1429,46
08.09.16;2791,75;41,23;2266,51;1448,91
07.09.16;2772,29;40,85;2246,93;1421,53
06.09.16;2765,82;40,52;2223,81;1409,66
03.09.16;2777,39;39,71;2210,9;1412,52
02.09.16;2739,42;39,13;2205,05;1403,59
01.09.16;2757,65;39,32;2223,82;1432,9
31.08.16;2752,19;39,19;2245,41;1444,07
30.08.16;2759,35;39,07;2253,52;1443,76
27.08.16;2757,61;38,86;2252,05;1442,39
26.08.16;2765,63;38,63;2261,37;1434,5
25.08.16;2786,69;39,26;2302,62;1450,34
24.08.16;2787,23;39,52;2305,16;1449,32
23.08.16;2754,43;39,04;2285,21;1453,29
20.08.16;2768,7;39,91;2292,09;1449,26
19.08.16;2752,31;40,41;2296,49;1424,07
18.08.16;2762,66;40,26;2294,07;1431,99
17.08.16;2773,86;41,19;2315,15;1435,15
16.08.16;2764,54;41,08;2318,23;1420,25
13.08.16;2764,91;41,1;2360,11;1431,38
12.08.16;2807,66;42,2;2453,61;1501,4
11.08.16;2816,99;42,37;2452,64;1523,26
10.08.16;2776,27;41,03;2382,81;1428,85
09.08.16;2782,85;41,14;2391,57;1447,92
06.08.16;2872,21;42,62;2447,26;1481,85
05.08.16;2884,19;43,03;2465,48;1511,31
04.08.16;2927,73;44,18;2495,57;1514,94
03.08.16;2920,42;44,53;2505,09;1535,31
02.08.16;2860,25;43,49;2438,59;1511,92
30.07.16;2872,53;43,2;2431,68;1498,24
29.07.16;2851,02;43,38;2442,27;1496,4
28.07.16;2800,41;41,51;2321,66;1454,48
27.07.16;2792,61;41,6;2297,5;1445,71
26.07.16;2744,63;40,51;2237,45;1406,75
23.07.16;2749,35;40,93;2273,12;1412,91
22.07.16;2709,04;39,63;2227,48;1368,87
21.07.16;2702,82;40,17;2208,18;1331,43
20.07.16;2697,9;40,48;2207,41;1302,17
19.07.16;2691,03;40,02;2201,69;1290,57
16.07.16;2702,18;40,9;2225,92;1314,03
15.07.16;2709,81;41,39;2209,62;1300,02
14.07.16;2751,43;41,65;2241,79;1309,77
13.07.16;2779,46;41,81;2259,98;1284,08
12.07.16;2803,64;42,25;2256,12;1269,45
09.07.16;2801,22;40,73;2224,7;1247,65
08.07.16;2815,21;41,08;2236,35;1252,03
07.07.16;2846,74;42,45;2225,45;1246,75
06.07.16;2778,59;40,77;2184,03;1229,42
05.07.16;2761,56;41,69;2160,11;1234,64
02.07.16;2740,98;39,6;2126,1;1220,5
01.07.16;2717,35;37,88;2071,54;1211,15
30.06.16;2722,37;37,62;2041,13;1185,84
29.06.16;2733,78;36,61;2039,92;1168,94
28.06.16;2770,65;37,02;2072,86;1150,43
25.06.16;2768,01;38,01;2056,23;1154,52
24.06.16;2617,54;35,76;2016,27;1151,86
23.06.16;2591,38;35,23;2009,6;1128,74
22.06.16;2642,61;35,82;2034,36;1130,66
21.06.16;2646,7;35,75;2010,94;1122
18.06.16;2702,51;36,55;2055,55;1138,23
17.06.16;2767,58;37,5;2083,62;1141,33
16.06.16;2716,86;36,9;2074,73;1148,62
15.06.16;2716,08;36,62;2086,84;1146,38
11.06.16;2635,03;36,03;2063,76;1150,46
10.06.16;2578,73;34,94;2049,29;1131,21
09.06.16;2604,36;34,83;2094,06;1160,36
08.06.16;2601,98;34,19;2079,74;1165,66
07.06.16;2623,98;34,69;2085,56;1173,92
04.06.16;2602,89;34,6;2063,39;1158,51
03.06.16;2608,5;34,29;2090,23;1169,59
02.06.16;2604,89;34,16;2086,05;1162,96
01.06.16;2568,47;34,08;2073,02;1150,03
31.05.16;2584,04;34,63;2090,61;1160,03
28.05.16;2593,05;34,61;2108,41;1152,94
27.05.16;2571,58;34,51;2098,52;1132,07
26.05.16;2586,24;34,33;2112,21;1129,2
25.05.16;2678,76;35,07;2170,77;1174,85
24.05.16;2695,39;35,16;2192,27;1189,91
21.05.16;2681,48;35,34;2174,63;1197,22
20.05.16;2668,9;35,34;2169,18;1217,63
19.05.16;2658,54;35,67;2173,44;1211,19
18.05.16;2634,4;35,43;2177,87;1219,61
17.05.16;2672,48;36,13;2196,82;1241,32
14.05.16;2661,96;35,68;2202,38;1242,1
13.05.16;2648,89;35,99;2209,67;1259,39
12.05.16;2708,62;37,29;2253,28;1269,33
11.05.16;2697,27;36,34;2230,58;1243,24
07.05.16;2724,56;36,84;2257,96;1276,89
06.05.16;2702,64;36,82;2239,22;1275,32
05.05.16;2723,8;36,55;2246,61;1282,87
30.04.16;2636,13;36,93;2192,47;1290,66
29.04.16;2630,62;36,32;2160,43;1274,9
28.04.16;2607,75;36,33;2128,52;1261,19
27.04.16;2637,64;36,22;2160,11;1277,69
26.04.16;2636,71;36,12;2159,32;1289,6
23.04.16;2651,47;36,6;2195,01;1292,31
22.04.16;2629,26;36,21;2144,97;1241,82
21.04.16;2649,12;36,03;2140,1;1235,65
20.04.16;2620,75;35,08;2089,51;1205,16
19.04.16;2716,76;35,56;2155,5;1231,4
16.04.16;2611,25;34,34;2097,92;1193,35
15.04.16;2651,61;34,48;2118,63;1156,59
14.04.16;2634,05;33,79;2101,74;1158,71
13.04.16;2685,95;34,04;2126,66;1181,71
12.04.16;2691,71;33,58;2097,69;1174,02
09.04.16;2678,82;32,88;2073,65;1175,65
08.04.16;2697,37;33,17;2059,81;1172,67
07.04.16;2700,35;33,2;2106,08;1218,27
06.04.16;2727,61;33,64;2115,2;1235,9
05.04.16;2682,67;33,03;2095,35;1234,25
02.04.16;2659,65;33,2;2119,78;1236,9
01.04.16;2691,21;33,55;2116,15;1243,51
31.03.16;2691,39;33,43;2108,42;1254,19
30.03.16;2688,99;33,29;2088,94;1255,58
29.03.16;2660,8;33,3;2085,49;1257,4
26.03.16;2686,47;33,62;2105,61;1269,53
25.03.16;2695,94;34,53;2109,86;1278,77
24.03.16;2679,67;34,56;2142,08;1296,12
23.03.16;2727,75;34,45;2137,66;1300,9
22.03.16;2752,59;35,26;2137,03;1296,38
19.03.16;2758,89;34,59;2148,61;1301,92
18.03.16;2798,51;33,7;2166,77;1289,48
17.03.16;2815,81;34,98;2208,17;1294,76
16.03.16;2797,73;35,38;2159,08;1267,78
15.03.16;2834,16;34,96;2185,59;1296,92
12.03.16;2853,2;34,52;2206,16;1286,17
11.03.16;2850,82;34,9;2237,69;1284,55
10.03.16;2927,93;36,44;2275,8;1293,81
05.03.16;2991,79;35,22;2256,49;1272,95
04.03.16;2947,77;35,18;2221,6;1227,1
03.03.16;2910,01;35,48;2220,36;1226,17
02.03.16;2952,29;35,12;2233,26;1197,58
01.03.16;3011,6;37,02;2245;1198,15
27.02.16;2971,89;36,6;2225,9;1170,89
26.02.16;3034,25;37,63;2308,72;1205,94
25.02.16;3026,51;37,36;2298,89;1223,13
21.02.16;3053,09;38,12;2333,56;1257,29
20.02.16;2999,04;37,44;2305,44;1230,06
19.02.16;2921,89;37;2285,3;1244,54
18.02.16;3009,54;38,42;2342,76;1279
17.02.16;2971,01;37,41;2296,9;1250,18
16.02.16;3021,92;39,11;2340,62;1297,84
13.02.16;3167,94;40;2433,15;1331,58
12.02.16;3111,44;38,46;2388,43;1330,3
11.02.16;3008,35;39;2343,84;1304,11
10.02.16;3007,48;37,79;2339,91;1302,76
09.02.16;2899,65;36,84;2238,86;1233,1
06.02.16;2880,69;36,65;2265,26;1285,55
05.02.16;2817,8;35,42;2187,86;1243,89
04.02.16;2879,52;36,34;2196,59;1269,03
03.02.16;2815,09;35,9;2154,66;1245,19
02.02.16;2753,33;34,55;2122,67;1214,7
30.01.16;2689,71;32,82;2088,15;1191,5
29.01.16;2783,42;35,77;2198,88;1243,71
28.01.16;2835,69;36,4;2217,25;1254,66
27.01.16;2932,99;37,42;2268,09;1291,92
26.01.16;2760,59;35,44;2103,52;1235,6
23.01.16;2843,38;36,29;2134,51;1305,58
22.01.16;2947,67;37,76;2195,7;1324,95
21.01.16;2792,84;35,84;2100;1246,71
20.01.16;2742,92;35,02;2094,41;1256,65
19.01.16;2758;34,9;2089,14;1239,32
16.01.16;2661,26;34,51;2050,53;1191,42
15.01.16;2683,54;34,03;2081,39;1188,31
14.01.16;2658,2;34,11;2066,5;1186,83
13.01.16;2696,48;34,41;2061,43;1145,24
12.01.16;2697,53;34,28;2126,87;1186,75
01.01.16;2490,71;32,4;2044,62;1282,58
31.12.15;2502,1;32,64;2080,79;1298,15
30.12.15;2487,91;33,1;2058,4;1286,79
29.12.15;2439,47;32,32;1989,08;1260,81
26.12.15;2421,64;32,08;1974,54;1251,6
25.12.15;2395,7;32,03;1953,39;1238,19
24.12.15;2443,62;32,48;1995,49;1274,83
23.12.15;2462,66;32,47;2007,63;1273,63
22.12.15;2453,91;31,66;1988,51;1278,33
19.12.15;2419,73;32,29;1930,74;1252
18.12.15;2418,65;31,18;1956,07;1268,49
17.12.15;2412,27;31,1;1957,88;1281,11
16.12.15;2434,69;31,22;1931,08;1263,86
15.12.15;2411,29;31,43;1903,3;1239,51
12.12.15;2373,5;31,51;1901,56;1209,88
11.12.15;2385,54;31,76;1913,77;1232,82
10.12.15;2399,26;31,68;1886,66;1210,31
09.12.15;2388;32,29;1922,88;1227,7
08.12.15;2385;31,13;1925,27;1226,97
05.12.15;2312,7;30,31;1853,64;1179,19
04.12.15;2289,07;30,81;1806,25;1150,42
03.12.15;2289,3;30,49;1808,86;1154,41
02.12.15;2277,78;29,99;1793,68;1169,51
01.12.15;2265,05;30,28;1778,74;1175,81
28.11.15;2267,32;30,43;1805,94;1181,95
27.11.15;2260,66;29,71;1797,12;1163,59
26.11.15;2257,19;29,77;1768,36;1141,02
25.11.15;2263,78;29,49;1772,2;1132,94
24.11.15;2253,15;30,14;1786,32;1155,73
21.11.15;2263,11;29,64;1801,9;1136,61
20.11.15;2239,53;29,57;1792,71;1122,79
19.11.15;2229,5;29,68;1772,36;1137,14
18.11.15;2275,33;30,23;1825,23;1153,66
17.11.15;2338,68;30,75;1848,3;1155,99
14.11.15;2321,76;30,83;1878,83;1191,14
13.11.15;2288,74;30,39;1860,29;1224,76
12.11.15;2259,88;30,21;1868,35;1243,49
11.11.15;2261,71;30,6;1885,96;1265,93
10.11.15;2277,63;31,35;1945,84;1259,8
07.11.15;2267,97;30,75;1949,18;1248,95
06.11.15;2257,04;31,1;1940,49;1245,42
04.11.15;2321,63;31,61;1993,37;1322,07
03.11.15;2329,75;32,06;1997,86;1351,74
31.10.15;2375,47;32,74;2057,26;1409,45
30.10.15;2391,09;33,07;2054,81;1386,38
29.10.15;2460,1;33,18;2093,65;1423,77
28.10.15;2379,98;32,87;2019,13;1386,24
27.10.15;2348,15;32,11;1981,41;1368,5
24.10.15;2332,61;31,82;2012,95;1389,75
23.10.15;2354,72;31,83;2018,71;1356,57
22.10.15;2364,81;31,71;2039,81;1379,34
21.10.15;2345,7;31,7;2016,54;1365,01
20.10.15;2314,48;31,33;1997,13;1366,98
17.10.15;2320,62;31,64;1966,81;1376,96
16.10.15;2368,08;32,38;2007,17;1402,82
15.10.15;2382,03;32,15;2013,27;1394,27
14.10.15;2309,42;31,23;1964,53;1376,37
13.10.15;2288,97;31,38;1938,6;1401,85
10.10.15;2269,3;31,51;1917,52;1393,31
09.10.15;2289,81;31,26;1868,62;1387,94
08.10.15;2314,22;31,89;1893,07;1419,3
07.10.15;2379,41;32,8;1923,37;1460,84
06.10.15;2393,35;32,18;1945,31;1495,91
03.10.15;2345,43;30,59;1905,94;1458,6
02.10.15;2329,66;30,42;1906,88;1377,89
01.10.15;2372,37;30,96;1952,85;1409,69
30.09.15;2394,9;31,01;1925,12;1362,92
29.09.15;2397,15;30,98;1951,44;1380,34
26.09.15;2418,64;31,65;1993,18;1391,43
25.09.15;2426,03;31,63;2014,48;1375,06
24.09.15;2387,82;31,42;2000,12;1318,55
23.09.15;2402,66;31,79;2050,97;1291,43
22.09.15;2417,65;32,28;2084,09;1278,1
19.09.15;2397,55;32,21;2061,98;1285,31
18.09.15;2349,73;31,02;2027,89;1275,58
17.09.15;2352,24;30,76;2034,83;1265,41
16.09.15;2386,95;30,98;2057,68;1260,95
15.09.15;2420,84;31,53;2088,74;1289,07
12.09.15;2419,09;31,88;2134,07;1274,76
11.09.15;2439,49;32,42;2175,77;1286,08
10.09.15;2439,98;32,11;2178,44;1280,54
09.09.15;2479,04;32,36;2196,27;1298,3
08.09.15;2468,32;32,02;2179,87;1279,3
05.09.15;2448,14;31,97;2189,18;1262,15
04.09.15;2434,61;31,69;2180,28;1264,65
03.09.15;2443,78;31,21;2160,82;1224,03
02.09.15;2399,17;30,84;2117,84;1237,51
01.09.15;2434,51;30,97;2151,38;1229,05
29.08.15;2405,55;30,86;2135,18;1203,31
28.08.15;2447,13;30,94;2144,63;1181,82
27.08.15;2528,01;32,11;2181,7;1201,16
26.08.15;2595,7;33,44;2210,59;1234,6
25.08.15;2623,69;33,98;2270;1339,71
22.08.15;2517,26;33,86;2247,1;1327,24
21.08.15;2449,82;33,37;2187,28;1319,69
20.08.15;2373,34;31,36;2100,34;1253,02
19.08.15;2368,62;32,23;2103,75;1276,22
18.08.15;2353,01;32,07;2095,45;1301,5
15.08.15;2331,49;32,46;2071,05;1294,4
14.08.15;2299,07;31,54;2039,09;1267,49
13.08.15;2334,49;32,11;2069,44;1254,2
12.08.15;2262,39;31,11;2020,05;1255,92
11.08.15;2270,23;30,86;2003,14;1248,34
08.08.15;2239,99;30,27;1956,03;1235,6
07.08.15;2227,82;29,96;1950,62;1229,92
06.08.15;2190,86;29,28;1915,62;1201,8
05.08.15;2210,18;29,41;1931,84;1203,61
04.08.15;2195,16;29,58;1962,19;1231,14
01.08.15;2095,47;28,25;1897,48;1187,38
31.07.15;2059,03;27,77;1868,14;1177,78
30.07.15;2107,44;28,07;1896,56;1202,88
29.07.15;2121,32;28,15;1897,49;1194,65
28.07.15;2076,21;27,76;1861,52;1183,06
25.07.15;2022,22;27,04;1824,89;1162,48
24.07.15;2031,55;27,44;1831,19;1174,69
23.07.15;2010,8;27,1;1774,67;1134,84
22.07.15;2030,6;27,03;1807,01;1132,59
21.07.15;2037,37;27,12;1796,18;1116,44
18.07.15;2088,86;27,43;1834,83;1144,03
17.07.15;2096,67;27,34;1843,81;1166,34
16.07.15;2103,72;27,89;1869,16;1191,45
15.07.15;2112,51;27,99;1883,16;1201,7
14.07.15;2101,99;28,12;1872,76;1182,99
11.07.15;2117,82;28,15;1882,06;1184,26
10.07.15;2128,92;28,18;1901,57;1203,6
09.07.15;2123,34;27,58;1867,17;1166,29
08.07.15;2145,48;28,72;1946,34;1249,11
07.07.15;2111,55;28,27;1929,74;1216,97
04.07.15;2088,52;27,96;1941,48;1235,33
03.07.15;2083,36;27,93;1930,72;1248,98
02.07.15;2089,82;27,88;1935,18;1225,32
01.07.15;2109,52;28,19;1944,35;1202,88
30.06.15;2100,21;28,26;1919,02;1197,83
27.06.15;2069,6;27,9;1897,96;1191,29
26.06.15;2062,03;27,68;1887,18;1220,08
25.06.15;2044,09;27,63;1860,24;1222,19
24.06.15;2062,38;27,82;1870,06;1223,47
23.06.15;2055,42;27,88;1845,87;1205,33
20.06.15;2072,47;27,88;1869,84;1241,94
19.06.15;2054,09;27,85;1872,34;1243,09
18.06.15;2042,25;27,69;1861,16;1265,03
17.06.15;2053,84;27,85;1890,35;1285,72
16.06.15;2093,64;28,31;1931,49;1302,47
12.06.15;2069,57;27,82;1944,22;1299,07
11.06.15;2090,4;28,43;1961,73;1316,64
10.06.15;2122,9;28,99;2002,47;1348,16
09.06.15;2114,28;28,94;1976,62;1349,58
06.06.15;2126,45;29,21;1987,39;1368,93
05.06.15;2090,56;29,12;1957,17;1343,68
04.06.15;2024,2;28,32;1895,24;1306,71
03.06.15;2042,48;28,69;1898,58;1328,15
02.06.15;2016,32;28,21;1879,95;1319,53
30.05.15;2027,34;28,39;1897,23;1330,1
29.05.15;1999,68;28,04;1889,65;1324,77
28.05.15;1948,38;27,33;1850,21;1287,6
27.05.15;1931,77;27,16;1836,31;1265,2
26.05.15;1930,26;27,65;1832,32;1232,77
23.05.15;1938,55;27,61;1853,71;1250,22
22.05.15;1941,38;27,57;1856,96;1248,67
21.05.15;1931,82;27,33;1844,17;1256,66
20.05.15;1928,39;27,51;1838,82;1239,58
19.05.15;1943,4;28,01;1845,05;1251,66
16.05.15;1955,7;27,74;1858,74;1258,99
15.05.15;1955,78;28,01;1849,92;1260,65
14.05.15;1900,02;26,52;1804,46;1253,41
13.05.15;1938,85;26,94;1846,45;1286,62
09.05.15;1933,95;26,61;1856,86;1284,14
08.05.15;1915,46;26,47;1839,36;1279,14
07.05.15;1914,27;26,37;1836,74;1269,49
06.05.15;1975,88;27,32;1902;1301,28
01.05.15;1980,05;27,16;1897,35;1284,08
30.04.15;2002,72;27,39;1916,62;1286,61
29.04.15;2020,29;27,44;1918,72;1299,89
28.04.15;1957,17;26,21;1846,72;1270,86
25.04.15;1925,9;25,57;1831,96;1247,16
24.04.15;1970,49;26,31;1874,68;1259,19
23.04.15;2074,22;27,69;1966,57;1324,85
22.04.15;2078,33;27,9;1995,55;1343,09
21.04.15;1993,1;26,65;1933,05;1287,04
18.04.15;1956,86;26,58;1890,99;1267,16
17.04.15;1923,85;26,3;1862,2;1228,16
16.04.15;1931,98;26,27;1862,4;1235,65
15.04.15;1990,95;26,87;1916,67;1264,97
14.04.15;2018,86;27,42;1950,01;1317,99
11.04.15;1973,36;27,17;1916,06;1259,31
10.04.15;2020,37;27,54;1959,56;1275,4
09.04.15;2103,69;29,25;2035,77;1335,76
08.04.15;2149,91;29,99;2076,08;1375,16
07.04.15;2177,71;30,6;2096,86;1364,59
04.04.15;2186,86;30,73;2105,66;1370,32
03.04.15;2201,48;30,86;2116,28;1368,71
02.04.15;2216,16;31,07;2131,26;1384,57
01.04.15;2185,73;30,77;2077,76;1360,46
31.03.15;2231,92;31,3;2122,15;1400,35
28.03.15;2223,48;31,79;2117,69;1410,56
27.03.15;2194,06;30,73;2099;1398,73
26.03.15;2200,33;31,31;2103,37;1417,01
25.03.15;2254,68;31,61;2159,73;1460,61
24.03.15;2257,9;30,9;2171,13;1481,18
21.03.15;2261,64;30,65;2165,62;1488,14
20.03.15;2239,07;29,76;2152,51;1488,87
19.03.15;2266,28;30,69;2155,82;1510,85
18.03.15;2292,57;30,93;2195,79;1542,61
17.03.15;2311,87;30,97;2227,95;1574,55
14.03.15;2279,9;30,91;2209,91;1567,24
13.03.15;2275,92;30,65;2204,88;1560,07
12.03.15;2335,11;31,8;2269,11;1616,19
11.03.15;2264,44;31,05;2213,73;1570,09
07.03.15;2307,86;31,23;2270,25;1587,44
06.03.15;2385,56;32,45;2350,27;1650,36
05.03.15;2395,63;32,66;2347,39;1643,17
04.03.15;2421,63;33,34;2378,02;1654,19
03.03.15;2434,2;33,07;2364,68;1632,47
28.02.15;2373,77;33,13;2310,73;1585,8
27.02.15;2381,32;32,23;2320,81;1590,8
26.02.15;2427,88;32,84;2356,44;1617,92
25.02.15;2441,02;33,08;2364,45;1598,76
21.02.15;2388,29;33,2;2296,01;1545,89
20.02.15;2432,51;32,8;2357,11;1550,1
19.02.15;2420,49;33,74;2355,29;1568,85
18.02.15;2468,18;34,89;2416,16;1579,8
17.02.15;2485,09;33,97;2439,76;1581,51
14.02.15;2564,97;35,34;2511,08;1628,02
13.02.15;2603,83;36,02;2554,42;1646,99
12.02.15;2623,99;35,68;2565,58;1635,35
11.02.15;2603,9;35,71;2560,77;1639,14
10.02.15;2627,27;36,42;2590,79;1655,99
07.02.15;2683,9;36,1;2664,79;1685,93
06.02.15;2787,71;38,36;2730,91;1742,66
05.02.15;2670,72;37,01;2600,75;1653,88
04.02.15;2791,22;37,52;2695,35;1730,08
03.02.15;2854;37,9;2745,93;1726,85
31.01.15;2800,07;38,63;2725,83;1735,22
30.01.15;2818,51;39,8;2746,69;1745,69
29.01.15;2778,56;38,58;2726,74;1699,09
28.01.15;2788,62;38,87;2740,65;1707,18
27.01.15;2705,17;38,44;2638,21;1617,51
24.01.15;2636,32;36,85;2602,69;1579,55
23.01.15;2706,12;38,31;2685,09;1608,53
22.01.15;2735,75;37,52;2699,92;1639,76
21.01.15;2699,97;36,88;2649,3;1604,62
20.01.15;2664,44;35,34;2642,5;1589,68
17.01.15;2636,52;35,87;2633,9;1619,73
16.01.15;2574,82;34,69;2578,47;1607,11
15.01.15;2611,23;36,13;2613,88;1676,71
14.01.15;2582,98;34,44;2591,32;1688,63
13.01.15;2464,8;32,76;2489;1623,7
01.01.15;2168,34;28,55;2187,78;1442,85
31.12.14;2146,08;28,94;2183,16;1465,09
30.12.14;2175,83;28,74;2215,92;1481,53
27.12.14;1969,05;26,38;1990,8;1353,41
26.12.14;1991,06;26,68;2013,05;1368,54
25.12.14;2062,03;27,52;2100,57;1417,32
24.12.14;2069,34;28,23;2084,25;1421,08
23.12.14;2170,96;28,81;2177,77;1463,96
20.12.14;2336,31;31,37;2339,23;1545,18
19.12.14;2320,13;30,56;2303,36;1504,28
18.12.14;2613,03;35,5;2617,39;1712,96
17.12.14;2357,79;33,13;2390,72;1574,81
16.12.14;2271,21;32,02;2288,56;1525,08
13.12.14;2237,92;31,06;2266,27;1494,39
12.12.14;2148,32;30,05;2180,91;1439,26
11.12.14;2143,3;28,57;2181,26;1422,18
10.12.14;2102,86;28,34;2147,3;1399,58
09.12.14;2048,52;27,99;2111,51;1379,68
06.12.14;2056,67;28,04;2110,45;1367,7
05.12.14;2039,73;27,61;2093,94;1353,61
04.12.14;2103,79;28,25;2140,07;1416,22
03.12.14;1953,77;25,67;1989,68;1304,14
02.12.14;1963,36;26,6;1995,42;1339,16
29.11.14;1878,31;26,04;1925,09;1274,93
28.11.14;1833,51;25,45;1871,06;1227,45
27.11.14;1784,75;24,87;1822,44;1186,6
26.11.14;1738,46;23,61;1759,79;1149,57
25.11.14;1722,09;23,47;1756,65;1136,06
22.11.14;1756,78;23,85;1790,27;1143,95
21.11.14;1792,9;24,42;1798,9;1151,72
20.11.14;1815,57;24,6;1823,51;1167,29
19.11.14;1815,54;24,47;1821,58;1166,05
18.11.14;1806,36;23,36;1833,75;1162,65
15.11.14;1758,33;23,98;1817,76;1168,67
14.11.14;1721,64;23,16;1782,44;1147,76
13.11.14;1733,01;23,2;1790,74;1153,1
12.11.14;1700,85;23,15;1766,96;1124,29
11.11.14;1729,26;22,75;1786,81;1136,12
08.11.14;1762,49;23,52;1839,46;1160,63
07.11.14;1662,66;22,26;1757,82;1104,08
06.11.14;1634,81;23,01;1712,96;1089,16
01.11.14;1582,87;22,64;1662,13;1050,97
31.10.14;1682,21;24;1748,13;1100,78
30.10.14;1683,97;23,56;1741,56;1091,56
29.10.14;1674,08;23,42;1714,63;1072,66
28.10.14;1659,59;23,18;1693,98;1053,34
25.10.14;1655,75;22,95;1685,66;1057,91
24.10.14;1654,98;23,16;1680,99;1020,6
23.10.14;1642,12;22,87;1676,7;1018,14
22.10.14;1652,05;22,94;1680,09;1007
21.10.14;1631,13;22,82;1666,62;991,03
18.10.14;1633,7;23,04;1660,09;995
17.10.14;1625,71;22,28;1642,74;996,91
16.10.14;1610,5;23,04;1646,69;1026,72
15.10.14;1606,7;22,69;1657,52;1029,43
14.10.14;1592,08;22,38;1638,75;1021,63
11.10.14;1580,2;22,81;1635,47;1022,65
10.10.14;1577,81;22,3;1650,44;1033,45
09.10.14;1568,25;22,32;1641,52;1020,64
08.10.14;1542,85;21,75;1615,04;983,85
07.10.14;1533,86;21,81;1564,39;966,66
04.10.14;1541,16;21,81;1591,57;982,77
03.10.14;1544,21;21,67;1626,22;994,3
02.10.14;1540,97;21,82;1624,49;980,56
01.10.14;1532,12;22,26;1654,94;995,24
30.09.14;1542,05;22,21;1650;995,32
27.09.14;1521,72;21,81;1635,95;1002,24
26.09.14;1490,6;21,87;1605,74;986,35
25.09.14;1510,47;22,11;1647,44;1015,62
24.09.14;1522,89;22,05;1669,59;1014,43
23.09.14;1505,74;22,88;1650,86;1000,94
20.09.14;1509,81;22,85;1663,57;1021,36
19.09.14;1510,72;23,01;1667,6;1025,27
18.09.14;1525,47;23,13;1685,23;1041,24
17.09.14;1541,52;23,2;1703,61;1044,07
16.09.14;1507,98;22,76;1674,38;1031,98
13.09.14;1497,84;22,64;1651,28;1003,6
12.09.14;1498,47;22,84;1654,68;1019,01
11.09.14;1498,85;22,71;1655,1;1022,94
10.09.14;1495,16;22,84;1660,63;1048,76
09.09.14;1511,02;22,81;1681,23;1065,97
06.09.14;1500,45;22,8;1667,83;1052,93
05.09.14;1503,93;22,6;1670,78;1043,64
04.09.14;1521,96;23,04;1686,93;1051,03
03.09.14;1534,28;23,4;1702,69;1081,89
02.09.14;1543,47;23,35;1707,44;1089,93
30.08.14;1526,67;23,45;1690,83;1062,7
29.08.14;1503,41;22,55;1663,32;1047,02
28.08.14;1493,06;22,65;1651,08;1030,62
27.08.14;1494,65;22,64;1652,07;1029,35
26.08.14;1483,25;22,63;1644,38;1025,42
23.08.14;1482,77;22,46;1647,14;1020,93
22.08.14;1495,74;22,68;1663,36;1016,24
21.08.14;1507,61;22,9;1667,75;1013,23
20.08.14;1509,52;22,74;1679,88;1039,04
19.08.14;1509,07;23,01;1684,27;1042,53
16.08.14;1520,45;22,99;1689,91;1024,36
15.08.14;1523,69;23,06;1705,6;1020,81
14.08.14;1524,71;23,38;1711,92;1021,33
13.08.14;1521,14;23,03;1706,78;1015,25
12.08.14;1516,2;23,33;1703,66;996,7
09.08.14;1543,8;23,52;1735,39;1005,38
08.08.14;1517,42;23,05;1708,55;996,46
07.08.14;1495,91;23,45;1689,21;983,34
06.08.14;1487,9;23,42;1683,85;984,07
05.08.14;1483,01;23,32;1681,93;996,32
02.08.14;1475,45;23,77;1678,19;1001,63
01.08.14;1475,71;23,41;1681,97;1002,8
31.07.14;1490,38;23,71;1703,45;1011,96
30.07.14;1497,94;23,63;1704,74;1013,91
29.07.14;1482,99;23,25;1687,54;1005,7
26.07.14;1456,64;23,49;1657,81;986,12
25.07.14;1466,14;23,6;1660,13;981,19
24.07.14;1463,31;23,29;1661,97;977,04
23.07.14;1472,36;23,58;1671,75;980,07
22.07.14;1481;23,62;1683,23;995,04
19.07.14;1481,25;23,49;1683,32;991,45
18.07.14;1457,57;23,16;1669,31;986,82
17.07.14;1434,4;23,14;1637,26;960,69
16.07.14;1449,88;23,35;1653,22;963,64
15.07.14;1457,61;23,63;1652,6;961,99
12.07.14;1463,46;23,54;1650,16;949,36
11.07.14;1461,23;22,99;1643,71;949,68
10.07.14;1448,88;23,09;1642,25;954,23
09.07.14;1459,06;23,19;1652,47;960,71
08.07.14;1459,57;23,47;1664,91;960,27
05.07.14;1458,31;23,17;1655,29;949,03
04.07.14;1453,94;23,13;1655,68;941,08
03.07.14;1460,95;23,21;1661,63;940,38
02.07.14;1458,91;22,97;1635,25;929,87
01.07.14;1428,66;22,89;1611,46;917,26
28.06.14;1422,11;22,52;1593,76;905
27.06.14;1423,13;22,55;1584,26;898,47
26.06.14;1430,26;23,02;1589,42;899,36
25.06.14;1445,4;22,67;1600,54;903,51
24.06.14;1447,63;22,73;1595,87;897,12
21.06.14;1449,64;22,07;1617,84;917,37
20.06.14;1413,85;21,76;1604,65;912,06
19.06.14;1420,76;21,89;1620,05;923,66
18.06.14;1415,17;22,01;1601,5;907,63
17.06.14;1424,41;21,76;1595,83;902,38
12.06.14;1393,17;20,97;1628,77;941,29
11.06.14;1385,07;21,12;1615,45;932,59
10.06.14;1385,2;21;1602,64;931,56
07.06.14;1397,28;20,96;1619,02;937,09
06.06.14;1396,86;21,05;1603,62;935,91
05.06.14;1407,69;21,32;1605,4;941,1
04.06.14;1400,58;21,17;1616,43;938,79
03.06.14;1396,23;21,31;1615,24;935,5
31.05.14;1400,42;21,05;1627,12;928,03
30.05.14;1396,91;21,3;1617,47;931,27
29.05.14;1402,99;21,35;1621,16;932,55
28.05.14;1413,08;21,39;1622,35;915,26
27.05.14;1414,97;21,28;1624,78;907,16
24.05.14;1425,36;21,58;1637,17;921,19
23.05.14;1426,71;21,28;1627,85;913,67
22.05.14;1433,41;21,49;1640,88;918,63
21.05.14;1436,71;21,75;1634,17;908,86
20.05.14;1453,08;21,59;1651,89;914,74
17.05.14;1446,65;21,98;1633,67;903,49
16.05.14;1454,52;22,17;1643,9;919,29
15.05.14;1450,97;21,69;1635,94;917,29
14.05.14;1449,67;21,82;1618,15;904,96
13.05.14;1463,39;21,79;1619,89;908,99
09.05.14;1454,44;22,12;1618,61;904,48
08.05.14;1496,19;22,41;1657,11;931,27
07.05.14;1499,98;21,98;1659,89;933,12
06.05.14;1476,28;22,09;1641,91;940,21
01.05.14;1483,88;22,2;1632,03;922,25
30.04.14;1480,28;22,5;1622,88;914,74
29.04.14;1507,99;22,77;1653,93;938,15
26.04.14;1495,04;22,02;1631,06;928,73
25.04.14;1472,48;22,33;1606,13;900,58
24.04.14;1471,63;22,37;1609,79;898,91
23.04.14;1480,61;22,51;1617,4;899,32
22.04.14;1489,66;22,5;1647,92;918,57
19.04.14;1484,24;22,42;1641,92;915,22
18.04.14;1500,81;22,64;1657,62;920,64
17.04.14;1506,89;22,93;1669,3;925,71
16.04.14;1516,43;22,82;1675,41;920,38
15.04.14;1532,54;23,25;1693,95;937,23
12.04.14;1508,69;23,18;1667,61;902,52
11.04.14;1510,76;22,74;1656,52;896,28
10.04.14;1505,38;23,16;1653,94;891,91
09.04.14;1502,6;22,64;1642,32;885,73
08.04.14;1481,27;22,73;1635,22;892,87
05.04.14;1476,38;22,63;1643,59;899,41
04.04.14;1469,84;22,63;1643,12;894,07
03.04.14;1455,24;22,44;1619,58;882,89
02.04.14;1448,66;22,49;1603,49;868,18
01.04.14;1481,29;22,56;1627,81;889,46
29.03.14;1486,7;22,58;1610,9;877,74
28.03.14;1481,42;22,91;1608,4;873,98
27.03.14;1498,17;22,79;1620,12;893,54
26.03.14;1518,83;23,34;1655,44;909,74
25.03.14;1537,19;23,89;1666,25;925,57
22.03.14;1566,52;23,61;1681,8;908,2
21.03.14;1540,52;24,09;1669,38;878,22
20.03.14;1566,85;24,38;1697,23;894,01
19.03.14;1596,65;24,87;1707,39;899,98
18.03.14;1624,93;25,17;1738,05;913,21
15.03.14;1613,82;25,02;1736,33;914,11
14.03.14;1606,96;24,58;1728,86;908,38
13.03.14;1590,39;24,93;1710,92;896,22
12.03.14;1577,61;24,57;1733,27;909,94
08.03.14;1571,85;24,61;1726,61;904,69
07.03.14;1549,66;24,76;1713,14;898,96
06.03.14;1547,07;24,54;1698,47;891
05.03.14;1564,19;25,06;1693,22;872,3
04.03.14;1572,22;24,88;1698,25;874,85
01.03.14;1544,66;24,87;1679,9;862,05
28.02.14;1542,68;25,32;1653,95;849,57
27.02.14;1541,78;25;1655,69;846,83
26.02.14;1524;25,21;1638,64;843,9
25.02.14;1521,9;24,82;1631,5;843,72
22.02.14;1515,2;24,77;1627,92;845,51
21.02.14;1510,73;25,01;1624,86;842,9
20.02.14;1508,79;24,45;1622,34;844,35
19.02.14;1488,69;24,53;1611,05;830,45
18.02.14;1496,28;23,8;1607,99;831,64
15.02.14;1483,19;22,98;1611,84;831,99
14.02.14;1446,12;22,64;1563,53;813,71
13.02.14;1437,72;22,54;1555,62;806,87
12.02.14;1435,05;22,6;1556,15;806,6
11.02.14;1423,36;22,21;1552,45;800,26
08.02.14;1401,82;22,41;1540,89;794,37
07.02.14;1405,18;21,92;1539,73;793,87
06.02.14;1412,82;21,74;1553,32;799,14
05.02.14;1428,11;21,96;1573,99;801,24
04.02.14;1412,06;21,87;1570,09;802,04
01.02.14;1409,87;21,95;1564,26;798,53
31.01.14;1420,96;22,3;1583;810,77
30.01.14;1394,32;21,91;1561,29;796,76
29.01.14;1395,42;22,08;1580,77;804,86
28.01.14;1417,23;22,53;1594,66;816,86
25.01.14;1387,04;22,15;1597,15;818,4
24.01.14;1361,46;21,74;1588,78;817,37
23.01.14;1349,7;21,81;1577,83;810,15
22.01.14;1356,57;22,06;1582,98;811,06
21.01.14;1357,19;21,64;1585,69;809,07
18.01.14;1334;21,5;1542,53;798,68
17.01.14;1328,65;21,57;1522,76;792,52
16.01.14;1327,66;21,74;1517,48;786,62
15.01.14;1334,47;21,47;1527,09;786,52
14.01.14;1326,8;21,08;1526,99;787,99
11.01.14;1315,55;20,86;1517,06;785,76
10.01.14;1306,85;20,81;1507,25;785,6
01.01.14;1261,58;20,63;1425,9;746,55
31.12.13;1264,3;20,96;1434,24;745,01
28.12.13;1268,53;20,35;1434,01;740,61
27.12.13;1256,8;20,38;1393,88;731,08
26.12.13;1255,94;20,36;1392,92;730,58
25.12.13;1255,16;20,32;1392,06;730,12
24.12.13;1263,58;20,48;1416,4;742,63
21.12.13;1267,09;20,51;1404,93;740,11
20.12.13;1276,91;21,13;1406,95;737,38
19.12.13;1306,08;21,2;1435,02;750,87
18.12.13;1307,3;20,6;1438,06;758,65
17.12.13;1299,16;20,66;1433,89;756,57
14.12.13;1292,05;20,92;1443,42;765,03
13.12.13;1309,4;21,47;1453,13;772,9
12.12.13;1320,95;21,1;1458,55;774,52
11.12.13;1313,09;20,55;1455,65;777,89
10.12.13;1294,65;20,54;1434,28;772,47
07.12.13;1303,87;20,62;1443,98;778,67
06.12.13;1313,76;20,28;1457,49;772,93
05.12.13;1297,23;20,5;1446,95;763,58
04.12.13;1302,97;21,11;1437,65;761,04
03.12.13;1318,85;21,24;1453,67;764,13
30.11.13;1328,85;21,09;1458,77;770,47
29.11.13;1322,78;21,28;1449,81;764,85
28.11.13;1327,18;21,34;1468,57;768,24
27.11.13;1326,53;20,9;1469,97;765,74
26.11.13;1297,88;21;1455,14;751,28
23.11.13;1313,69;21,13;1476,88;760,66
22.11.13;1325,35;21,49;1486,17;762,19
21.11.13;1338,47;21,52;1484,26;755,82
20.11.13;1333,86;21,64;1484,57;751,72
19.11.13;1343,84;21,61;1502,47;760,13
16.11.13;1346,75;21,83;1516,17;772,27
15.11.13;1348,6;21,75;1523,84;775,58
14.11.13;1346,35;22,26;1515,17;781,86
13.11.13;1351,18;22,57;1510,46;790,04
12.11.13;1348,08;22,79;1505,86;791,79
09.11.13;1369,79;22,76;1525,71;795,29
08.11.13;1370,02;22,84;1526,18;790,16
07.11.13;1374,06;22,54;1523,26;789,8
06.11.13;1363,84;22,73;1508,15;772,8
02.11.13;1360,29;22,97;1506,43;763,56
01.11.13;1375,44;23,45;1507,7;765,2
31.10.13;1391,06;23;1512,17;768,97
30.10.13;1383,16;23,15;1501,53;763,09
29.10.13;1381,77;22,86;1492,23;758,9
26.10.13;1366,51;23,09;1469,63;754,67
25.10.13;1360,24;22,93;1466,87;760,41
24.10.13;1360,48;22,51;1465,61;759,34
23.10.13;1346,8;22,68;1463,08;764,91
22.10.13;1349,76;22,43;1475,91;764,11
19.10.13;1348,44;22,24;1466,18;755,62
18.10.13;1349,65;21,99;1456,4;738,52
17.10.13;1325,62;21,25;1435,29;731,13
16.10.13;1302,49;22,33;1419,2;733,46
15.10.13;1323,7;22,32;1426,4;741,73
12.10.13;1331,63;22,71;1432,35;733,26
11.10.13;1350,29;22,99;1438,71;730,28
10.10.13;1362,48;23,2;1455,6;738,73
09.10.13;1371,75;22,61;1461,05;736,24
08.10.13;1361,14;22,48;1437,97;723,66
05.10.13;1358,18;22,26;1419,07;725,53
04.10.13;1351,99;21,83;1431,52;740,55
03.10.13;1343,43;22,53;1435,07;740,38
02.10.13;1383,35;22,51;1460,97;753,85
01.10.13;1395,03;22,57;1485,11;762,4
28.09.13;1374,25;22,85;1467,32;748,74
27.09.13;1378,34;22,43;1481,27;749,94
26.09.13;1355,51;22,01;1468,2;738,21
25.09.13;1346,69;22,18;1455,63;729,35
24.09.13;1356,05;23,33;1469,16;737,66
21.09.13;1382,66;23,47;1482,39;738,64
20.09.13;1384,79;21,81;1498,03;729,21
19.09.13;1347,45;22,78;1477,3;725,69
18.09.13;1368,93;22,74;1499,61;733,7
17.09.13;1364,93;22,55;1508,46;731,91
14.09.13;1377,11;23,86;1507,37;726,32
13.09.13;1407,88;24,07;1534,73;720,62
12.09.13;1446,87;24,71;1570,6;743,97
11.09.13;1459,37;25,13;1569,91;732,34
10.09.13;1484,96;24,7;1601,74;745,69
07.09.13;1470,76;25,28;1591,96;738,47
06.09.13;1494,07;25,45;1604,91;743,95
05.09.13;1510,36;26,05;1645,12;770,38
04.09.13;1492,6;25,72;1633,95;771,38
03.09.13;1487,36;25,27;1632,49;776,15
31.08.13;1488,75;25,77;1615,15;781,39
30.08.13;1500,06;26,39;1623,53;788,3
29.08.13;1520,66;25,91;1635,33;796,87
28.08.13;1502,59;24,56;1648,48;795,49
27.08.13;1459,56;24,43;1629,62;796,8
24.08.13;1460,75;24,52;1635,57;800,25
23.08.13;1462,47;24,48;1620,94;800,33
22.08.13;1441,77;24,25;1601,85;787,68
21.08.13;1449,05;24,65;1596,79;791,5
20.08.13;1455,68;24,17;1603,61;800,21
17.08.13;1441,19;23,3;1607,73;798,57
16.08.13;1421,19;22,81;1611,64;795,74
15.08.13;1410,67;22,88;1589,5;784,62
14.08.13;1417,17;22,13;1598,83;787,2
13.08.13;1401,94;21,48;1584,09;784,64
10.08.13;1379,25;20,84;1571;779,69
09.08.13;1363,79;20,41;1533,5;770,99
08.08.13;1352,65;20,98;1506,95;763,55
07.08.13;1368,24;20,93;1528,16;769,9
06.08.13;1385,93;20,57;1536,04;774,89
03.08.13;1368,19;20,98;1517,43;776,81
02.08.13;1403,36;21,14;1522,36;771,78
01.08.13;1414,1;20,9;1531,45;782,72
31.07.13;1398,2;21,25;1518,48;779,33
30.07.13;1405,71;21,15;1508,44;764,78
27.07.13;1393,22;20,9;1508,9;777,54
26.07.13;1372,49;21,34;1504,3;774,12
25.07.13;1393,54;20,99;1502,73;766,45
24.07.13;1378,24;20,72;1491,73;764,56
23.07.13;1365,28;20,18;1489,21;776,3
20.07.13;1340,8;20,32;1479,46;775,7
19.07.13;1333,09;20,66;1466,68;759,38
18.07.13;1339,95;20,82;1480,55;761,66
17.07.13;1345,46;20,74;1477,29;760,62
16.07.13;1343,8;20,62;1480,94;761,44
13.07.13;1338,1;20,83;1467,19;752,49
12.07.13;1341,82;20,29;1467,81;758,52
11.07.13;1325,03;20,21;1443,27;739,63
10.07.13;1331,73;20,38;1455,12;746,7
09.07.13;1312,87;20,7;1430,18;727,41
06.07.13;1316,82;20,9;1421,77;718,9
05.07.13;1332,13;20,84;1431,82;724,97
04.07.13;1330,8;20,96;1454,7;728,42
03.07.13;1335,49;20,59;1461,81;726,67
02.07.13;1313,39;19,92;1425,88;715,05
29.06.13;1265,36;19,57;1393,39;680,4
28.06.13;1302,23;19,73;1398,42;680,71
27.06.13;1299,5;20,9;1398,89;686,23
26.06.13;1351,54;20,67;1420,95;704,69
25.06.13;1357,77;21,02;1438,45;708,91
22.06.13;1358,27;21,31;1434,86;710,59
21.06.13;1370,32;22,73;1472,04;716,04
20.06.13;1410,65;22,51;1486,03;732,17
19.06.13;1413,02;22,42;1463,76;720,6
18.06.13;1411,64;22,09;1474,79;743,51
15.06.13;1410,78;22,32;1482,61;748,46
14.06.13;1441,66;22,65;1522,52;777,9
12.06.13;1426,37;22,72;1555;792,6
11.06.13;1430,8;23,49;1547,46;783,6
08.06.13;1461,51;23,45;1592,11;787,76
07.06.13;1446,07;23,11;1558,18;780,12
06.06.13;1435,93;23,15;1539,26;776,31
05.06.13;1438,27;22,96;1523,99;768,65
04.06.13;1439,2;23,26;1510,55;771,76
01.06.13;1441,73;23,19;1503,84;771,86
31.05.13;1428,21;22,71;1484,83;763,75
30.05.13;1403,05;22,66;1478,55;760,05
29.05.13;1391,19;22,58;1460,8;739,48
28.05.13;1399,14;22,52;1464,31;733,66
25.05.13;1394,73;22,62;1469,99;742,04
24.05.13;1402,38;22,89;1475,23;744,7
23.05.13;1390,79;22,53;1470,86;755,01
22.05.13;1382,01;21,71;1471,47;743,75
21.05.13;1364,07;22,69;1463,07;741,61
18.05.13;1389,57;22,47;1485,71;742,85
17.05.13;1390,86;23,1;1484,8;727,25
16.05.13;1426,99;23,68;1510,6;729,53
15.05.13;1444,55;23,79;1512,43;726,05
14.05.13;1442,35;23,58;1500,11;710,21
09.05.13;1453,04;23,73;1488,01;685,55
08.05.13;1461,84;24,23;1488,82;690,45
07.05.13;1468,32;24,23;1500,05;693,56
01.05.13;1469,9;24,22;1510,07;697,65
30.04.13;1479,71;24,14;1500,32;687,35
27.04.13;1467,71;23,39;1482,51;680,53
26.04.13;1456,42;23,07;1454,91;680,64
25.04.13;1446,86;23,37;1451,43;690,67
24.04.13;1441,76;24,01;1440,49;681,59
23.04.13;1446,21;24,01;1451,28;686,06
20.04.13;1430,23;23,78;1455,52;686,79
19.04.13;1424,47;23,77;1458,12;685,21
18.04.13;1384,7;23,57;1445,95;678,79
17.04.13;1393,4;23,8;1448,01;679,51
16.04.13;1425,18;27,58;1458,39;677,36
13.04.13;1539,4;27,42;1515,54;717
12.04.13;1544,64;27,54;1514,11;712,87
11.04.13;1576,42;27,16;1535,05;713,7
10.04.13;1577,81;27,36;1549,22;736,48
09.04.13;1603,16;27,41;1563,26;743,01
06.04.13;1578,57;27,25;1552,39;740,11
05.04.13;1575,89;27,73;1555,24;762,83
04.04.13;1583,04;28,22;1575,47;768,05
03.04.13;1598,48;28,65;1592,73;774,36
02.04.13;1598,55;28,65;1576,29;770,14
30.03.13;1597,22;28,62;1574,98;769,5
29.03.13;1596,97;28,23;1577,54;761,36
28.03.13;1578,7;28,61;1560,84;752,14
27.03.13;1585,43;28,46;1558,39;749,41
26.03.13;1584,48;28,74;1562,47;752,56
23.03.13;1602,64;28,75;1573,3;750,85
22.03.13;1597,83;28,7;1571,26;753,85
21.03.13;1603,27;28,7;1552,03;737,21
20.03.13;1588,33;28,55;1561,07;749,32
19.03.13;1588,56;28,71;1565,22;758,28
16.03.13;1573,59;28,29;1571,36;763,46
15.03.13;1568,36;28,81;1568,36;754,99
14.03.13;1571,92;28,89;1571,43;759,54
13.03.13;1564,51;28,57;1575,88;763,22
12.03.13;1559,96;28,46;1580,23;761,44
08.03.13;1563,19;28,43;1580,5;738,82
07.03.13;1549,6;28,48;1569,29;727,55
06.03.13;1563,51;28,31;1560,3;714,52
05.03.13;1561,94;27,72;1559,96;711,68
02.03.13;1546,51;28,52;1541,58;708,24
01.03.13;1560,76;28,52;1565,67;726,92
28.02.13;1583,51;28,3;1586,95;727,52
27.02.13;1570,82;28,69;1565,66;716,94
26.02.13;1553,24;28,08;1586,89;728,59
23.02.13;1542,21;28,03;1579,3;720,35
22.02.13;1524,64;28,3;1563,03;695,01
21.02.13;1547,75;28,98;1622,14;736,2
20.02.13;1562,88;29,06;1641,82;741,97
19.02.13;1560,6;29,23;1633;730,3
16.02.13;1577,41;29,9;1639,13;736,79
15.02.13;1589,76;30,01;1669,05;741,69
14.02.13;1593,2;29,81;1663,77;747,3
13.02.13;1592,55;30,23;1641,29;732,37
12.02.13;1612,99;30,56;1660,01;730,62
09.02.13;1618,97;30,78;1662,84;724,28
08.02.13;1618,97;30,63;1671,38;734,25
07.02.13;1608,59;30,83;1666,39;738,8
06.02.13;1625,11;30,52;1644,48;730,23
05.02.13;1601,2;30,24;1632,71;727,36
02.02.13;1605,75;30,89;1612,5;718,49
01.02.13;1615,96;30,25;1621,27;716,06
31.01.13;1608,62;29,99;1627,69;727,92
30.01.13;1609,67;29,92;1620,81;717,35
29.01.13;1602,14;30,52;1633,32;718,51
26.01.13;1613,41;30,77;1630,56;701,3
25.01.13;1626,39;31,26;1636,09;698,27
24.01.13;1644,68;31,04;1646,38;704,62
23.01.13;1643,06;30,97;1636,75;696,06
22.01.13;1644,23;30,99;1627,67;695,97
19.01.13;1641,26;30,59;1644,18;704,09
18.01.13;1642,1;30,47;1645,76;702,4
17.01.13;1638,51;30,42;1619,25;689,64
16.01.13;1635,17;29,92;1650,74;695,51
15.01.13;1622,56;29,84;1595,56;682,01
12.01.13;1623,89;29,66;1581,57;676,01
11.01.13;1623,51;29,67;1574,7;683,38
10.01.13;1627,02;29,72;1555,14;668,02
30.12.12;1618,56;29,44;1491,12;687,46
29.12.12;1619,78;29,05;1494,05;689,41
28.12.12;1622,11;29,59;1507,21;681,09
27.12.12;1636,39;29,72;1518,77;672,27
26.12.12;1635,19;29,69;1517,65;671,78
25.12.12;1646,52;29,6;1528,17;676,44
22.12.12;1627,9;30,74;1530,86;666,66
21.12.12;1648,55;31,02;1570,42;684,34
20.12.12;1656,04;32,02;1579,39;681,4
19.12.12;1693,07;32,09;1603,91;697,35
18.12.12;1671,86;32,17;1584,8;688,53
15.12.12;1673,9;32,25;1591,51;684,76
14.12.12;1667,5;32,57;1591,98;674,97
13.12.12;1692,05;32,77;1620,42;687,69
12.12.12;1690,35;32,96;1600,63;690,08
11.12.12;1695,6;32,6;1605,78;694,71
08.12.12;1689,55;32,69;1586,01;686,97
07.12.12;1682,51;32,87;1570,21;678,77
06.12.12;1687,67;33;1577,67;677,84
05.12.12;1700,74;33,3;1588,39;679,6
04.12.12;1703,25;33,99;1585,27;676,15
01.12.12;1712;33,44;1601,79;681,53
30.11.12;1721,89;33,8;1613,56;676,98
29.11.12;1743,09;34,09;1605,92;659,79
28.11.12;1738,12;33,9;1610,54;665,5
27.11.12;1742,56;33,32;1600,7;657,23
24.11.12;1736,37;33,32;1582,47;654,61
23.11.12;1732,48;33,06;1583,49;650,02
22.11.12;1744,42;33,53;1587,08;643,52
21.11.12;1752;33,01;1590,34;647,65
20.11.12;1754,51;32,86;1589,32;640,41
17.11.12;1743,81;33,21;1588,8;636,34
16.11.12;1756,1;33,09;1603,78;647,01
15.11.12;1759,05;33,23;1625,94;655,88
14.11.12;1758,74;33,27;1609,09;625,08
13.11.12;1763,75;32,68;1592,28;618,83
10.11.12;1754,63;32,1;1584,76;623,78
09.11.12;1737,67;32,56;1561,37;617,05
08.11.12;1741,62;31,6;1573,04;622,98
07.11.12;1714,38;31,32;1568,7;621,2
03.11.12;1723,53;32,95;1568,91;613,44
02.11.12;1737,83;32,55;1586,31;620,2
01.11.12;1732,96;32,26;1579,63;615,31
31.10.12;1736,73;32,25;1568,99;602,05
30.10.12;1730,37;32,01;1561,58;601,39
27.10.12;1724,52;32,47;1569,67;604,19
26.10.12;1723,07;32,1;1589,45;608,85
25.10.12;1719,51;31,91;1579,11;602,86
24.10.12;1717,75;32,18;1588,69;613,27
23.10.12;1714,18;32,13;1608,84;624,06
20.10.12;1714,86;32,65;1617,13;630,42
19.10.12;1726,42;32,62;1645,43;644,94
18.10.12;1730,49;32,48;1635,69;635,66
17.10.12;1728,89;33,06;1632,86;633,84
16.10.12;1745,88;33,76;1641,71;637,5
13.10.12;1759,63;34,11;1670,01;646,29
12.10.12;1770,84;33,86;1679,41;653,32
11.10.12;1768,57;33,98;1682,29;656,06
10.10.12;1770,52;33,85;1699,78;659,91
09.10.12;1767,53;34,82;1677,61;651,46
06.10.12;1782,57;34,81;1706,89;665,23
05.10.12;1787,51;34,74;1698,96;662,37
04.10.12;1782,44;34,95;1678,89;649,89
03.10.12;1780,3;34,38;1676,7;645,65
02.10.12;1779,06;34,82;1666,01;640,08
29.09.12;1770,32;33,75;1651,04;634,17
28.09.12;1760,42;33,98;1639,82;631,86
27.09.12;1770,48;34,14;1633,2;635,41
26.09.12;1770;33,79;1621,98;647,19
25.09.12;1766,86;34,85;1615,64;653,09
22.09.12;1777,35;34,32;1638,32;676,37
21.09.12;1786,73;35,18;1636,48;673,07
20.09.12;1760,8;33,8;1627,34;668,8
19.09.12;1744,1;34,28;1645,07;671,13
18.09.12;1737,89;34,13;1666,84;675,59
15.09.12;1756,24;32,7;1678,46;685,65
14.09.12;1746,95;34,25;1662,66;684,45
13.09.12;1763,73;33,92;1655,7;686,16
12.09.12;1768,47;34,33;1630,55;682,46
11.09.12;1767,21;32,86;1627,74;674,15
08.09.12;1745,66;33,83;1625,23;663,89
07.09.12;1768,72;33,23;1635,69;669,8
06.09.12;1763,23;33,48;1612,42;661,67
05.09.12;1751,1;32,86;1607,72;657,38
04.09.12;1757,21;31,81;1608,17;660,78
01.09.12;1735,75;32,1;1578,95;647,08
31.08.12;1720,39;31,91;1582,3;657,22
30.08.12;1717,26;31,79;1568,41;654,19
29.08.12;1712,43;31,26;1567,79;661,91
28.08.12;1708,1;31,12;1574,89;658,85
25.08.12;1704,35;31,01;1570,88;659,65
24.08.12;1693,47;29,88;1577,86;647,85
23.08.12;1677,53;29,57;1559,42;646,27
22.08.12;1668,75;28,87;1523,87;621,67
21.08.12;1662,66;29,03;1513,15;618,64
18.08.12;1655,14;28,51;1490,8;601,03
17.08.12;1644,62;28,35;1433,85;591,8
16.08.12;1633,19;28,51;1431,7;589,88
15.08.12;1649,3;28,65;1430,18;589,95
14.08.12;1662,26;28,57;1434,53;596,36
11.08.12;1649,56;28,74;1437,79;594,8
10.08.12;1632,31;28,18;1431,15;595,13
09.08.12;1637,34;28,53;1431,52;596,04
08.08.12;1642,09;28,22;1434,41;593,51
07.08.12;1650,23;27,99;1433,77;591,59
04.08.12;1668,46;28,68;1456,11;599,39
03.08.12;1674,29;29,08;1458,8;608,36
02.08.12;1678,54;29,31;1467,78;612,27
01.08.12;1680,26;28,62;1469,29;609,87
31.07.12;1672,87;28,7;1446,75;588,84
28.07.12;1676,5;28,8;1467,55;593,44
27.07.12;1681,28;28,43;1469,42;593,64
26.07.12;1682,55;28,54;1474,28;597,77
25.07.12;1650,32;28,27;1461,47;591,72
24.07.12;1635,79;28,18;1451,03;592,28
21.07.12;1626,13;28,2;1453,55;597,86
20.07.12;1629,42;27,88;1457,2;600,2
19.07.12;1645,55;28,57;1476,25;606,34
18.07.12;1666,38;28,26;1491,91;611,18
17.07.12;1661,27;28,82;1492,42;607,24
14.07.12;1657,97;28;1497,31;607,96
13.07.12;1646,75;28,52;1485,28;604,84
12.07.12;1663,92;29,1;1504,02;611,11
11.07.12;1690,46;28,88;1525,6;618,09
10.07.12;1676,93;28,98;1527,37;614,13
07.07.12;1669,56;29,71;1538,71;609,4
06.07.12;1687,92;29,35;1552,46;623,28
05.07.12;1674,34;28,91;1532,48;622,31
04.07.12;1679,63;28,57;1531,87;608,78
03.07.12;1669,39;28,32;1508,07;606,58
30.06.12;1655,96;28,29;1484,51;599,29
29.06.12;1660,38;28,42;1489,07;614,27
28.06.12;1654,93;28,97;1487,59;614,99
27.06.12;1688,6;28,5;1534,75;644,19
26.06.12;1673,21;28,59;1531,37;649,45
23.06.12;1692,47;30,05;1545,37;657,37
22.06.12;1692,69;29,95;1541,41;652,74
21.06.12;1692,29;30,12;1548,29;656,53
20.06.12;1703,27;29,74;1554,22;657,88
19.06.12;1677,16;29,61;1535,11;646,69
16.06.12;1689,58;30,08;1553,93;662,4
15.06.12;1695,68;30,24;1555,33;651,46
14.06.12;1697,25;30,04;1527,02;652,48
10.06.12;1651,65;29,51;1484,55;642,22
09.06.12;1658,71;30,82;1493,47;645,17
08.06.12;1677,48;30,39;1512,14;646,88
07.06.12;1721,75;28,86;1541,22;656,76
06.06.12;1714,26;29,23;1501,84;647,92
05.06.12;1757,6;29,96;1539,81;664,3
02.06.12;1684,02;30,48;1514,26;653
01.06.12;1658,91;29,29;1494,34;645,57
31.05.12;1615,84;29,47;1474,21;621,82
30.05.12;1623,46;29,42;1481,36;625,14
29.05.12;1615,73;28,9;1472,47;611,91
26.05.12;1593,3;28,67;1460,05;604,44
25.05.12;1584,62;28,23;1440,74;599,89
24.05.12;1568,84;28,32;1435,66;609,38
23.05.12;1573,77;28,35;1459,16;610,23
22.05.12;1593,05;28,53;1470,58;618,09
19.05.12;1602,73;27,73;1471,53;611,62
18.05.12;1538,95;27,11;1438,48;600,86
17.05.12;1531,19;28,16;1420,15;590,57
16.05.12;1520,22;27,63;1410,04;583,13
15.05.12;1520,87;27,81;1411,89;575,07
13.05.12;1535,96;27,73;1422,44;587,02
12.05.12;1536,39;28,43;1425,83;585,11
11.05.12;1543,26;27,92;1452,02;596,92
06.05.12;1575,26;28,65;1466,25;635,37
05.05.12;1550,4;28,89;1453,83;624,63
04.05.12;1555,87;28,91;1474,88;631,82
03.05.12;1560,44;29,07;1477,82;637,4
29.04.12;1570,4;29,4;1484,96;639,11
28.04.12;1564,66;29,04;1482,36;632,86
27.04.12;1551,46;29,07;1467,45;626,89
26.04.12;1545,88;29,07;1459,94;630,13
25.04.12;1551,89;29,51;1473,53;636,38
24.04.12;1547,23;30,14;1491,3;633,3
21.04.12;1556,58;29,87;1496,78;626,43
20.04.12;1557,99;29,99;1510,55;627,18
19.04.12;1561,5;30,01;1502,23;626,88
18.04.12;1574,1;29,84;1497,87;622,21
17.04.12;1577,13;30,97;1503,21;615,25
14.04.12;1582,83;29,82;1510,34;614,94
13.04.12;1573,83;30,14;1515,36;611,28
12.04.12;1584,86;30,23;1529,28;610,37
11.04.12;1566,19;29,79;1534,99;616,47
10.04.12;1554,04;29,79;1516,88;605,04
07.04.12;1544,85;29,62;1507,91;601,46
06.04.12;1535,22;30,26;1518,66;605,57
05.04.12;1543,88;31,19;1539,38;610,27
04.04.12;1577,34;30,53;1561,56;620,67
03.04.12;1570,08;30,6;1543,66;618,97
31.03.12;1565,96;29,98;1549,22;612,9
30.03.12;1558,96;30,53;1545,07;610,12
29.03.12;1568,14;30,87;1533,54;611,55
28.03.12;1576,54;30;1545,83;622,61
27.03.12;1558,19;29,64;1526,24;621,21
24.03.12;1560,78;30,05;1536,2;618,26
23.03.12;1538,23;30,06;1520,37;637,48
22.03.12;1555,08;30,26;1553,2;653,58
21.03.12;1545,77;30,42;1560,3;653,56
20.03.12;1553,97;30,32;1570,88;657,66
17.03.12;1556,45;30,54;1578,16;661,66
16.03.12;1566,21;31,23;1597,83;663,86
15.03.12;1576,99;31,86;1597,86;663,24
14.03.12;1607,88;32,04;1610,96;664,12
13.03.12;1626,47;32,31;1606,2;673,38
12.03.12;1602,71;32,17;1571,84;655,33
08.03.12;1604,53;31,68;1544,93;643,72
07.03.12;1595,94;32,36;1545,28;651,44
06.03.12;1598,95;33,16;1567,88;664,82
03.03.12;1614,87;32,55;1602,15;669,68
02.03.12;1620,6;35,06;1593,29;662,93
01.03.12;1668,53;33,22;1611,61;670,03
29.02.12;1651,89;32,66;1591,62;658,99
28.02.12;1652,81;33,31;1591,94;664,87
25.02.12;1683,9;32,71;1625,67;678,86
23.02.12;1679,47;32,21;1620,37;680,5
22.02.12;1663,07;32,13;1596,05;671,16
21.02.12;1655,94;32,06;1577,9;663,52
18.02.12;1670,45;32;1578,83;670,3
17.02.12;1666,69;32,72;1565,68;659,49
16.02.12;1661,18;32,26;1572,12;662,35
15.02.12;1664,74;32,73;1581,56;666,48
14.02.12;1659,47;32,24;1597,97;675,51
11.02.12;1648,7;32,48;1583,83;674,66
10.02.12;1653,66;32,8;1588,77;681,31
09.02.12;1663,96;31,77;1574,22;673,98
08.02.12;1663,79;32,42;1569,96;679,06
07.02.12;1668,91;32,98;1564,91;674,56
04.02.12;1710,57;32,73;1585,64;690,25
03.02.12;1695,92;32,8;1571,22;673,52
02.02.12;1704,93;32,85;1574,91;677,47
01.02.12;1693,83;32,34;1584,68;676,36
31.01.12;1679,63;32,68;1562,97;664,82
28.01.12;1680,98;32,56;1574,58;668,68
27.01.12;1672,05;30,91;1558,83;679,36
26.01.12;1635,72;31,5;1528,25;667,5
25.01.12;1656,75;32,21;1538,62;674,02
24.01.12;1687,33;30,58;1551,34;684
21.01.12;1655,76;30,97;1515,93;671,96
20.01.12;1684,02;30,51;1555,49;678,57
19.01.12;1680,4;30,84;1533,36;658,17
18.01.12;1685,56;30,32;1547,64;662,26
17.01.12;1687,4;30,43;1528,78;657,1
14.01.12;1667,31;31,05;1505,86;641,74
13.01.12;1683,17;30,36;1527,84;652,9
12.01.12;1671,87;30,25;1512,93;653,06
11.01.12;1667,25;29,56;1495,09;648,66
31.12.11;1629,81;27,08;1429,51;658,34
30.12.11;1582,79;29,49;1404,18;654,73
29.12.11;1607,42;29,65;1435,92;667,73
28.12.11;1606,53;29,2;1435,13;652,61
27.12.11;1613,86;29,34;1441,68;655,58
24.12.11;1615,46;29,45;1443,11;656,23
23.12.11;1632,79;30,19;1450,13;641,34
22.12.11;1672,3;29,9;1477,75;648,49
21.12.11;1653,94;29,66;1463,3;635,81
20.12.11;1640,57;30,67;1458,28;641,6
17.12.11;1623,57;29,42;1457,07;630,22
16.12.11;1630,5;30,68;1433,61;629,64
15.12.11;1669,8;32,01;1507,41;655,66
14.12.11;1695,35;31,79;1520,21;665,92
13.12.11;1696,74;32,32;1506,87;674,66
10.12.11;1737,63;33,13;1513,32;674,95
09.12.11;1746,12;32,58;1523,21;674,75
08.12.11;1733,74;31,9;1533,42;677,07
07.12.11;1719,95;32,48;1513,96;631,98
06.12.11;1732,97;32,94;1535,23;645,89
03.12.11;1734,47;32,97;1544,28;650,8
02.12.11;1735,66;31,09;1539,28;607,98
01.12.11;1720,25;32,26;1529,45;579,47
30.11.11;1729,04;32,22;1552,81;587,09
29.11.11;1730,98;31,55;1572,43;598,88
26.11.11;1701,61;32,43;1558,46;578,71
25.11.11;1717,19;31,85;1565,58;593,28
24.11.11;1691,95;31,96;1562,5;596,1
23.11.11;1695,19;30,86;1554,88;590,2
22.11.11;1696,65;32,11;1567,21;592,43
19.11.11;1719,74;33,1;1585,54;606,38
18.11.11;1735,12;34,04;1598,76;634,37
17.11.11;1758,08;33,73;1616,28;653,45
16.11.11;1739,83;33,89;1606,76;646,65
15.11.11;1734,05;32,89;1606,96;641,81
12.11.11;1731,37;33,09;1595,92;636,01
11.11.11;1751,35;34,29;1614,49;639,65
10.11.11;1722,76;33,53;1597,91;640,71
09.11.11;1759,27;33,81;1628,85;658,99
08.11.11;1733,71;33,37;1599,06;638,84
04.11.11;1718,03;33,55;1581,68;640,61
03.11.11;1707,6;32,52;1573,44;632,33
02.11.11;1676,9;33,74;1557,68;625,64
01.11.11;1663,92;34,31;1555,45;630,51
29.10.11;1667,74;32,25;1581,23;641,14
28.10.11;1660,7;32,38;1558,61;634,92
27.10.11;1683,79;31,45;1539,3;636,95
26.10.11;1623,96;31,08;1523,7;630,46
25.10.11;1636,24;30,52;1508,4;616,44
22.10.11;1635,14;31,02;1502,15;600,46
21.10.11;1643,42;32,25;1503,19;602,28
20.10.11;1641,56;30,82;1516,28;610,49
19.10.11;1650,85;32,16;1519,42;603,39
18.10.11;1669,1;31,45;1555,45;634,44
15.10.11;1669,91;31,85;1540,38;602,8
14.10.11;1678,27;32,99;1545,85;606,9
13.10.11;1703,9;31,68;1558,46;620,15
12.10.11;1679,29;32,57;1533,79;611,29
11.10.11;1712,48;32,91;1565,31;632,92
08.10.11;1709,23;32,92;1574,64;619,09
07.10.11;1724,01;29,99;1571,94;621,88
06.10.11;1678,91;32,11;1513,11;588,67
05.10.11;1756,74;32,62;1559,21;622
04.10.11;1739,28;31,9;1592,6;632,85
01.10.11;1681,71;31,17;1587,77;647,29
30.09.11;1660,19;31,81;1580,25;641,53
29.09.11;1693,02;34,27;1594,81;664,93
28.09.11;1730,99;29,17;1638,79;670,23
27.09.11;1685,53;34,34;1609,34;655,43
24.09.11;1785,89;39,07;1749,76;686,48
23.09.11;1811,31;41,29;1781,05;692,52
22.09.11;1828,22;39,57;1801,71;723,11
21.09.11;1814,61;40,97;1804,49;727,06
20.09.11;1803,24;39,67;1799,27;720,5
17.09.11;1745,38;39,6;1765,99;721,51
16.09.11;1771,2;40,44;1765,32;703,18
15.09.11;1785,53;39,07;1767,96;703,86
14.09.11;1752,8;39,61;1764,44;693,94
13.09.11;1795,59;40,34;1783,9;713,17
10.09.11;1794,11;40,23;1772,63;727,38
09.09.11;1732,9;38,87;1739,54;718,01
08.09.11;1748,37;39,68;1741,73;710,16
07.09.11;1800,24;40,66;1786,91;729,24
06.09.11;1789,19;40,1;1774,57;732,09
03.09.11;1732,22;38,75;1735,95;734,37
02.09.11;1686,36;38,41;1718,41;730,09
01.09.11;1698,27;38,04;1725,71;725,44
31.08.11;1661,64;38,09;1697,82;702,32
30.08.11;1650,45;37,9;1672,61;689,54
27.08.11;1658,78;36,2;1693,12;693,4
26.08.11;1593,93;39,08;1676,11;694,59
25.08.11;1719,16;39,85;1737,74;708,11
24.08.11;1756,17;40,49;1767,81;711,22
23.08.11;1766,18;39,49;1781,47;709,2
20.08.11;1752,29;37,94;1760,76;702,99
19.08.11;1668,03;37,2;1711,26;722,24
18.08.11;1654,72;36,34;1688,88;700,85
17.08.11;1641,71;36,16;1673,09;688,43
16.08.11;1612,5;35,53;1663,53;698,63
13.08.11;1661,43;37,09;1694,57;697,71
12.08.11;1689,16;36,23;1684,43;696,09
11.08.11;1652,43;36,14;1655,49;703,84
10.08.11;1674;37,7;1629,55;682,84
09.08.11;1567,79;35,98;1573,52;669,39
06.08.11;1516,97;37,92;1548,86;673,3
05.08.11;1489,8;36,74;1572,83;705,85
04.08.11;1495,73;35,64;1611;739,12
03.08.11;1452,32;35,15;1600,77;743,15
02.08.11;1427,63;35,06;1589,1;743,23
30.07.11;1436,11;35,77;1585,84;735,96
29.07.11;1434,82;36,2;1587,84;736,26
28.07.11;1430,28;35,59;1597,04;739,4
27.07.11;1425,85;36,12;1581,72;718,24
26.07.11;1443,54;35,38;1593,83;718,87
23.07.11;1415,1;35,45;1590,65;717,35
22.07.11;1436,07;34,63;1596,23;713,32
21.07.11;1428,55;36,36;1598,75;715,06
20.07.11;1449,9;36,5;1614,63;720,43
19.07.11;1447,9;34,58;1598,96;711,15
16.07.11;1427,48;35,63;1586,19;699,95
15.07.11;1436,72;33,16;1596,86;708,21
14.07.11;1427,62;31,71;1584,32;701,32
13.07.11;1409,47;33,18;1565,06;689,9
12.07.11;1393,65;32,76;1559,34;693,44
09.07.11;1368,24;32,15;1564,6;701,16
08.07.11;1373,24;31,83;1551,16;692,81
07.07.11;1359,23;31,17;1558,48;695,84
06.07.11;1342,57;30,55;1540,76;679,9
05.07.11;1336,62;30,26;1537,52;677,58
02.07.11;1336,78;31,36;1525,06;673,43
01.07.11;1351,36;30,82;1544,92;680,16
30.06.11;1359,4;30,65;1543,54;669,77
29.06.11;1363,94;30,87;1535,06;666,31
28.06.11;1368,01;31,65;1525,69;664,41
25.06.11;1377,33;32,61;1544,85;673,72
24.06.11;1390,5;32,39;1558,74;682,85
23.06.11;1386,57;32,48;1566,84;687,01
22.06.11;1389,63;32,04;1574,25;679,95
21.06.11;1392,45;32,06;1581,79;672,22
18.06.11;1382,69;32,21;1582,67;674,02
17.06.11;1382,15;31,96;1601,48;696,06
16.06.11;1361,22;31,1;1604,49;708,52
15.06.11;1362,47;31,85;1618,1;722,05
11.06.11;1376,87;33,09;1645,81;729,98
10.06.11;1366,3;32,26;1621,04;717,89
09.06.11;1366,72;33,3;1618,17;713,85
08.06.11;1383,02;32,93;1625,61;710,98
07.06.11;1377,66;31,42;1625,25;702,79
04.06.11;1372,09;33,36;1627,51;691,87
03.06.11;1389,09;34,21;1639,05;695,11
02.06.11;1377,8;34,75;1635,64;695,08
01.06.11;1382,67;33,91;1638,16;697,18
31.05.11;1383,41;34,01;1611,73;683,13
28.05.11;1378,55;33,4;1609,97;681,59
27.05.11;1380,84;33,73;1612,72;677,94
26.05.11;1398,17;32,83;1617,92;675,74
25.05.11;1390,38;31,73;1610,03;673,82
24.05.11;1374,56;31,71;1600,99;663,36
21.05.11;1348,68;32,08;1588,52;656,05
20.05.11;1338,33;31,1;1590,26;651,75
19.05.11;1344,69;30,91;1598,75;659,16
18.05.11;1351,94;31,05;1600,99;647,27
17.05.11;1351,69;32,73;1587,67;640,13
14.05.11;1352,93;29,1;1592;647,37
13.05.11;1337,23;35,2;1576,91;634,36
12.05.11;1354,19;34,11;1601,58;652
11.05.11;1359,25;34,04;1610,76;656,67
07.05.11;1323,21;33,65;1589,36;637,7
06.05.11;1327,47;35,31;1597;647,74
05.05.11;1351,5;38,37;1630,43;679,27
04.05.11;1359,12;42,8;1632,87;680,22
30.04.11;1357,71;43,06;1622,54;687,04
29.04.11;1353,51;40,05;1609,01;679,85
28.04.11;1343,69;40,52;1610,11;668,28
27.04.11;1349,82;41,49;1622,47;675,81
26.04.11;1353,56;41,63;1630,76;688,48
23.04.11;1351,01;41,55;1627,68;687,18
22.04.11;1353,72;40,23;1629,49;692,58
21.04.11;1361,88;39,11;1617,97;679,58
20.04.11;1366,08;39,1;1628,33;672,53
19.04.11;1344,19;38,58;1617,19;689,98
16.04.11;1336,05;36,9;1624,12;697,74
15.04.11;1320,91;36,45;1616,81;698,74
14.04.11;1317,89;36,55;1611,66;696,91
13.04.11;1322,29;37,44;1619,77;710,35
12.04.11;1321,73;36,18;1622,59;715,06
09.04.11;1329,5;35,72;1636,45;713,35
08.04.11;1321,88;35,97;1621,83;711,53
07.04.11;1321,76;34,55;1629,29;713,95
06.04.11;1305,72;35,01;1627,49;714,53
05.04.11;1300,05;34,15;1614,52;707,88
02.04.11;1308,36;34,54;1622,56;700,47
01.04.11;1311,96;34,41;1627,35;697,7
31.03.11;1296,98;33,47;1601,35;692,82
30.03.11;1288,53;33,37;1590,16;677,98
29.03.11;1297,08;34,42;1578,41;675,94
26.03.11;1301,23;34,28;1584,34;679,65
25.03.11;1316,05;33,4;1600,71;682,11
24.03.11;1302,46;32,67;1582,4;674,4
23.03.11;1290,42;32,73;1578,74;668,07
22.03.11;1302,16;32,06;1586,94;675,82
19.03.11;1295,94;31,56;1573,8;661,02
18.03.11;1296,95;32,09;1569,09;654,25
17.03.11;1288,55;31,22;1562,66;655,1
16.03.11;1299,46;33,41;1589;667,74
15.03.11;1312,77;31,43;1621,04;696,71
12.03.11;1297,72;32,39;1627,5;695,92
11.03.11;1302,09;33,07;1636,46;703,95
10.03.11;1302,22;33,09;1649,27;725,93
06.03.11;1292,49;31,18;1655,69;734,56
05.03.11;1285,08;31,29;1659,37;734,98
04.03.11;1302,61;31,64;1680,96;749,42
03.03.11;1316,63;31,63;1690,78;749,21
02.03.11;1307,78;30,96;1672,52;743,34
01.03.11;1310;30,24;1679,15;734,1
26.02.11;1307,29;30,97;1662,73;723,9
25.02.11;1326,17;31,21;1661,34;719,1
23.02.11;1313,01;31,48;1716,47;788,09
22.02.11;1311,82;29,94;1731,29;805,18
19.02.11;1303,31;28,79;1724,27;792,99
18.02.11;1294,71;28,93;1716,88;786,98
17.02.11;1293,63;28,91;1729,86;792,46
16.02.11;1292,02;28,4;1732,42;788,06
15.02.11;1276,26;28,22;1715,79;775,12
12.02.11;1281,07;28,09;1725,07;772,98
11.02.11;1282,3;28,52;1730,81;771,98
10.02.11;1283,54;27,72;1755,04;787,55
09.02.11;1273,53;27,47;1742,88;778,79
08.02.11;1271,88;27,3;1739,27;772,38
05.02.11;1274,29;26,76;1733,41;767,88
04.02.11;1257,33;26,68;1722,99;763,36
03.02.11;1264,72;26,79;1731,06;778,5
02.02.11;1275,2;26,46;1723,79;781,81
01.02.11;1277,69;25,56;1714,13;777,06
29.01.11;1255,28;26,13;1707,41;765,95
28.01.11;1276,02;25,85;1720,12;771,81
27.01.11;1278,54;25,56;1723,22;763
26.01.11;1270,21;26,4;1711,81;752,93
25.01.11;1293,26;26,05;1750,58;785,08
22.01.11;1296,79;27,41;1748,35;779,62
21.01.11;1312,35;28,2;1753,32;783,85
20.01.11;1317,29;27,61;1770,13;789,18
19.01.11;1315,26;27,09;1751,76;774,5
18.01.11;1311,67;27,56;1745,03;759,46
15.01.11;1318,65;28,14;1743,11;772,36
14.01.11;1335,87;28,64;1739,56;788,51
13.01.11;1352,15;28,87;1748,47;786,76
12.01.11;1359,76;28,35;1721,12;750,28
01.01.11;1376,11;29,96;1689,09;771,85
31.12.10;1383,06;29,83;1724,54;780,94
30.12.10;1369,91;28,37;1708,12;769,14
29.12.10;1343,59;28,29;1678,89;743,58
28.12.10;1351,47;28,46;1688,73;747,94
25.12.10;1357,17;28,69;1695,84;751,09
24.12.10;1361,25;28,87;1700,58;737,67
23.12.10;1371,82;28,89;1703,66;745,66
22.12.10;1368,86;28,85;1693,79;740,72
21.12.10;1366,4;28,48;1682,02;734,15
18.12.10;1355,51;28,74;1681,14;734,57
17.12.10;1368,4;28,73;1683,8;744,51
16.12.10;1371,13;29,51;1676,07;746,68
15.12.10;1388,79;28,99;1691,26;750,24
14.12.10;1379,19;28,6;1678,98;741,13
11.12.10;1379,14;28,19;1667,86;736,2
10.12.10;1376,65;28,91;1679,47;734,15
09.12.10;1401,26;30,64;1693,56;740,31
08.12.10;1431,52;29,71;1727,66;764,95
07.12.10;1419,81;28,91;1739,18;769,51
04.12.10;1398,94;28,65;1729,89;766,94
03.12.10;1401,1;28,97;1723,65;754,98
02.12.10;1407,25;27,44;1691,93;715
01.12.10;1385,17;26,94;1663,21;702,15
30.11.10;1368,86;26,79;1665,78;692,48
27.11.10;1377,5;27,66;1655,22;688,5
26.11.10;1378,46;27,57;1664,61;697,03
25.11.10;1384,63;27,48;1667,09;697,22
24.11.10;1368,03;27,56;1670,59;688,54
23.11.10;1352,76;26,98;1660,19;707,52
20.11.10;1350,76;26,44;1656,73;697,52
19.11.10;1360,96;25,28;1663,14;685,12
18.11.10;1347,04;25,68;1652,42;644,04
17.11.10;1361,17;25,97;1667,45;671,97
16.11.10;1356,44;26,58;1662,06;665,82
14.11.10;1376,8;26,56;1697,57;697,08
13.11.10;1372,23;27,45;1686,84;676,71
12.11.10;1386,07;27,01;1731,36;700,39
11.11.10;1383,47;28,17;1750,56;704,57
10.11.10;1405,22;26,51;1766,13;715,38
09.11.10;1376,57;25,89;1737,05;679,37
04.11.10;1343,97;24,47;1694,68;634,15
03.11.10;1344,49;24,66;1696,95;646,5
02.11.10;1347,07;23,71;1699,79;648,06
30.10.10;1322,94;23,48;1665,61;622,5
29.10.10;1308,38;23,45;1661;616,46
28.10.10;1309,32;23,08;1668,78;613,26
27.10.10;1303,83;23,17;1654,71;593,27
26.10.10;1307,05;22,4;1648,14;589,87
23.10.10;1293,31;23,43;1628,65;571,64
22.10.10;1329,3;23,43;1666,01;588,94
21.10.10;1327,28;24,02;1657,49;570,32
20.10.10;1337,48;23,49;1657,49;573,03
19.10.10;1334,4;23,96;1645,74;563,3
16.10.10;1333,89;23,72;1647,45;578,21
15.10.10;1328,72;22,64;1648,45;572,58
14.10.10;1315,85;22,31;1644,69;574,38
13.10.10;1299,13;22,54;1620,65;560,85
12.10.10;1293,36;21,46;1627,61;563,96
09.10.10;1279,39;22,48;1623,15;552,91
08.10.10;1295,24;21,84;1638,7;572,59
07.10.10;1294,57;21,37;1634,79;566,08
06.10.10;1297,3;21,56;1644,92;553,85
05.10.10;1290,3;21,52;1635,42;554,95
02.10.10;1287,92;21,65;1637,12;559,11
01.10.10;1286,09;21,45;1618,65;557,21
30.09.10;1278,05;20,69;1607,95;553,25
29.09.10;1268,19;21,19;1585,97;534,23
28.09.10;1277,73;21,01;1614,08;548,2
25.09.10;1291,51;20,97;1635,78;555,21
24.09.10;1287,33;21,01;1626,73;540,25
23.09.10;1286,73;20,68;1621,67;534,91
22.09.10;1277,84;20,9;1614,85;533,62
21.09.10;1275,2;20,77;1616,6;540,86
18.09.10;1280,64;20,75;1617,91;553,63
17.09.10;1267,93;20,39;1590,84;549,56
16.09.10;1255,58;20,07;1571,45;544,57
15.09.10;1237,19;19,67;1549,88;536,04
14.09.10;1226,2;19,63;1527,08;514,94
11.09.10;1240,33;19,84;1542,52;519,47
10.09.10;1244,5;19,88;1541,85;518,25
09.09.10;1249,26;19,51;1543,2;520,36
08.09.10;1232,35;19,62;1533,46;517,74
07.09.10;1228,35;19,33;1538,51;520,05
04.09.10;1235,44;19,19;1534,44;519,04
03.09.10;1230,99;19,21;1517,35;512,03
02.09.10;1237,81;18,69;1513,1;503,04
01.09.10;1224,12;18,89;1501,49;483,79
31.08.10;1217,55;18,76;1508,38;495,89
28.08.10;1218,36;18,86;1510;493,46
27.08.10;1229,05;18,46;1520,15;496,48
26.08.10;1229,24;17,76;1510,84;483,75
25.08.10;1204,39;17,74;1480,27;470,68
24.08.10;1207,3;17,85;1482,31;468,36
21.08.10;1207,02;18,1;1488,05;473,78
20.08.10;1202,74;17,98;1504,4;478,94
19.08.10;1196,35;18,14;1509,38;483,23
18.08.10;1200,54;17,82;1511,63;479,73
17.08.10;1199,07;17,72;1504,24;470,99
14.08.10;1188,3;17,53;1504,2;464,56
13.08.10;1174,76;17,74;1479,22;455,22
12.08.10;1163,39;17,57;1489,69;461,28
11.08.10;1155,21;17,84;1488,48;459,48
10.08.10;1156,18;17,54;1493,64;466,88
07.08.10;1145,64;17,6;1502,9;468,04
06.08.10;1147,83;17,76;1513,16;475,26
05.08.10;1144,28;17,65;1520,28;478,98
04.08.10;1140,78;17,45;1531,96;490,42
03.08.10;1143,25;17,14;1539,22;483,31
